variant,status,run_dir,checkpoint,error
without_event_gate,skipped_completed,result\ablation_runs\ablation_without_event_gate_seed0_n200,result\ablation_runs\ablation_without_event_gate_seed0_n200\checkpoints\best_model.pt,
periodic_gate,skipped_completed,result\ablation_runs\ablation_periodic_gate_seed0_n200,result\ablation_runs\ablation_periodic_gate_seed0_n200\checkpoints\best_model.pt,
without_stage_nodes,skipped_completed,result\ablation_runs\ablation_without_stage_nodes_seed0_n200,result\ablation_runs\ablation_without_stage_nodes_seed0_n200\checkpoints\best_model.pt,
homogeneous_gat,skipped_completed,result\ablation_runs\ablation_homogeneous_gat_seed0_n200,result\ablation_runs\ablation_homogeneous_gat_seed0_n200\checkpoints\best_model.pt,
flat_reconfiguration,skipped_completed,result\ablation_runs\ablation_flat_reconfiguration_seed0_n200,result\ablation_runs\ablation_flat_reconfiguration_seed0_n200\checkpoints\best_model.pt,
sequential_dispatch,skipped_completed,result\ablation_runs\ablation_sequential_dispatch_seed0_n200,result\ablation_runs\ablation_sequential_dispatch_seed0_n200\checkpoints\best_model.pt,
without_duration_aware_gae,skipped_completed,result\ablation_runs\ablation_without_duration_aware_gae_seed0_n200,result\ablation_runs\ablation_without_duration_aware_gae_seed0_n200\checkpoints\best_model.pt,
without_potential_shaping,completed,result\ablation_runs\ablation_without_potential_shaping_seed0_n200,result\ablation_runs\ablation_without_potential_shaping_seed0_n200\checkpoints\best_model.pt,
single_critic,completed,result\ablation_runs\ablation_single_critic_seed0_n200,result\ablation_runs\ablation_single_critic_seed0_n200\checkpoints\latest.pt,
