global_iteration,stage_index,stage_name,stage_iteration,global_progress,events,completed_episodes,mean_completed_twt,reward_mean,reconfiguration_fraction,max_worker_moves,max_robot_moves,policy_loss,value_loss,approx_kl,clip_fraction,learning_rate,encoder_learning_rate,gate_entropy_coef,matching_entropy_coef,wall_seconds,rollout_seconds,ppo_seconds,sps,gpu_util,gpu_mem_gb,gpu_mem_reserved_gb,optimizer_steps,configured_replay_microbatch,effective_replay_microbatch,safe_replay_microbatch_cap,oom_fallback_count
1,3,random_joint_training,1,0.0,4096,3,3034.4997456778638,-15.359724356217175,0.19775390625,7,6,0.05470668772856394,356756.2083333333,0.2179102102915446,0.4320475260416667,0.0003,0.0002,0.01,0.02,240.00294730000314,49.85307909999392,190.08498210000107,17.066457083462435,0.0,6.186405658721924,7.251953125,24,512,512,512,0
2,3,random_joint_training,2,0.005025125628140704,4096,6,2988.9689784696375,-17.561347960959417,0.221923828125,8,5,0.02998470018307368,499779.9166666667,0.06786339481671651,0.3550618489583333,0.00029864321608040196,0.0001990954773869347,0.009954773869346734,0.019909547738693467,230.20758269997896,54.770624199998565,175.3875960999867,17.792637201434697,15.0,6.344628810882568,7.060546875,24,512,512,512,0
3,3,random_joint_training,3,0.010050251256281407,4096,4,2993.3885804326483,-11.519538891930559,0.18603515625,7,6,0.0018489694533248742,228406.35416666666,0.022807640333970387,0.18831380208333334,0.000297286432160804,0.00019819095477386937,0.009909547738693467,0.019819095477386934,246.1869571999996,56.675153199990746,189.46626169999945,16.637761994322283,0.0,6.9195661544799805,7.150390625,24,512,256,256,1
4,3,random_joint_training,4,0.01507537688442211,4096,7,2846.4349923479144,-13.081222748290898,0.1875,7,5,0.0049612124760945635,292515.2708333333,0.02172231674194336,0.202880859375,0.000295929648241206,0.00019728643216080402,0.0098643216080402,0.0197286432160804,239.4287376999855,58.23604830002296,181.12276870000642,17.10738668777707,0.0,3.8369975090026855,6.484375,24,512,256,256,0
5,3,random_joint_training,5,0.020100502512562814,4096,3,3249.3319518214917,-13.449677996193637,0.160888671875,7,6,-0.003759309028585752,322213.6458333333,0.017123360186815262,0.14762369791666666,0.000294572864321608,0.0001963819095477387,0.009819095477386935,0.01963819095477387,258.4535191000032,65.54850319999969,192.8558744000038,15.848110771574127,0.0,4.072749137878418,6.494140625,24,512,256,256,0
6,3,random_joint_training,6,0.02512562814070352,4096,2,3398.0068117053447,-13.400784625006375,0.150390625,6,5,-0.0015058328087131183,364493.0,0.01637437442938487,0.13785807291666666,0.00029321608040201003,0.00019547738693467337,0.009773869346733669,0.019547738693467338,260.21050839999225,62.080383799999254,198.0850057999778,15.741101407417727,22.0,4.860996246337891,6.50390625,24,512,256,256,0
7,3,random_joint_training,7,0.03015075376884422,4096,7,2864.0740892658796,-15.70528895664456,0.18896484375,5,6,0.001719871535897255,351611.125,0.01850999891757965,0.16748046875,0.000291859296482412,0.00019457286432160805,0.009728643216080402,0.019457286432160804,219.59648440001183,48.102411600004416,171.4384816000238,18.652393325836773,1.0,3.603391170501709,6.50390625,24,512,256,256,0
8,3,random_joint_training,8,0.035175879396984924,4096,3,1959.4098499399772,-12.108348118388758,0.129638671875,5,6,0.0014313713957866032,239930.10416666666,0.0214749276638031,0.16129557291666666,0.000290502512562814,0.0001936683417085427,0.009683417085427136,0.01936683417085427,246.40003499999875,55.02043340000091,191.3304392999853,16.623374262101954,0.0,4.210042476654053,6.505859375,24,512,256,256,0
9,3,random_joint_training,9,0.04020100502512563,4096,1,3820.5071897064227,-16.006711766713362,0.123779296875,6,4,0.0030237256238857904,405060.3333333333,0.010842389116684595,0.12101236979166667,0.00028914572864321606,0.0001927638190954774,0.009638190954773869,0.019276381909547738,246.8993141000101,57.261699800001225,189.59677099998225,16.589758521325244,18.0,4.333646774291992,6.505859375,24,512,256,256,0
10,3,random_joint_training,10,0.04522613065326633,4096,2,2818.653144427943,-18.303342843045858,0.168701171875,5,7,0.0024890784795085588,532960.875,0.016725009928147,0.12711588541666666,0.00028778894472361805,0.0001918592964824121,0.009592964824120604,0.019185929648241208,236.79803289999836,53.5639468000154,183.1749902999727,17.29744098731501,0.0,4.257481098175049,6.505859375,24,512,256,256,0
11,3,random_joint_training,11,0.05025125628140704,4096,2,2973.8341986666364,-14.636437261538273,0.146728515625,6,6,0.005836604783932368,384882.7916666667,0.014913853257894516,0.14103190104166666,0.0002864321608040201,0.00019095477386934674,0.009547738693467337,0.019095477386934675,234.20804890000727,52.19131989998277,181.97286750000785,17.48872431685192,0.0,4.03047513961792,6.505859375,24,512,256,256,0
12,3,random_joint_training,12,0.05527638190954774,4096,6,3030.592620030407,-18.018522392890322,0.1728515625,7,4,-0.0017906512754658859,432050.9166666667,0.007500397662321727,0.11881510416666667,0.0002850753768844221,0.00019005025125628142,0.00950251256281407,0.01900502512562814,234.42342589999316,54.39127079999889,179.9907799999928,17.472656515767266,0.0,4.1690216064453125,6.505859375,24,512,256,256,0
13,3,random_joint_training,13,0.06030150753768844,4096,3,3112.943163696635,-17.498311280919573,0.14794921875,5,4,0.0003774864987159769,405502.375,0.00907530759771665,0.10986328125,0.0002837185929648241,0.0001891457286432161,0.009457286432160804,0.01891457286432161,224.56611349998275,51.86595790000865,172.6538885999762,18.239617438987803,6.0,4.079524040222168,6.505859375,24,512,256,256,0
14,3,random_joint_training,14,0.06532663316582915,4096,4,3367.9777351967473,-16.947747159629046,0.16748046875,6,6,-0.0014352888489762943,389538.2083333333,0.011657254149516424,0.13069661458333334,0.0002823618090452261,0.00018824120603015077,0.009412060301507538,0.018824120603015075,228.17154650000157,56.727364799997304,171.39615690000937,17.951405698168294,0.0,4.206449508666992,6.505859375,24,512,256,256,0
15,3,random_joint_training,15,0.07035175879396985,4096,4,2916.936134201261,-15.366717342587659,0.135009765625,9,5,-0.003698364831507206,311968.1875,0.007525681207577388,0.10807291666666667,0.0002810050251256281,0.00018733668341708543,0.009366834170854271,0.018733668341708542,239.11816710000858,57.508101399987936,181.57117700000526,17.129606042383607,1.0,4.402904987335205,6.505859375,24,512,256,256,0
16,3,random_joint_training,16,0.07537688442211055,4096,1,2056.1771322592576,-16.629834511498693,0.1376953125,5,4,-0.003352643301089605,487640.0833333333,0.004643924223879973,0.067626953125,0.0002796482412060301,0.0001864321608040201,0.009321608040201004,0.01864321608040201,239.84015299999737,55.834116099984385,183.9577018999844,17.078041140175745,0.0,4.630190372467041,6.505859375,24,512,256,256,0
17,3,random_joint_training,17,0.08040201005025126,4096,0,,-13.623311504769141,0.130859375,5,4,-0.0034114895388484,221871.91666666666,0.006103677675127983,0.07820638020833333,0.00027829145728643215,0.00018552763819095478,0.00927638190954774,0.01855276381909548,232.87719110000762,56.6979025999899,176.13123490000726,17.588669721806284,7.0,4.508347511291504,6.505859375,24,512,256,256,0
18,3,random_joint_training,18,0.08542713567839195,4096,3,2373.9168824490653,-12.246464310578858,0.126220703125,6,4,-0.002783598999182383,265104.125,0.008596794679760933,0.09090169270833333,0.00027693467336683414,0.00018462311557788946,0.009231155778894473,0.018462311557788946,231.26541110000107,53.36526349998894,177.84899080000469,17.711252108638313,0.0,4.371829986572266,6.505859375,24,512,256,256,0
19,3,random_joint_training,19,0.09045226130653267,4096,2,5790.834654932047,-16.659518475085036,0.139404296875,5,4,0.0018420716126759846,392553.5416666667,0.02050754924615224,0.12141927083333333,0.0002755778894472361,0.0001837185929648241,0.009185929648241206,0.018371859296482412,244.28108770001563,58.0376540000143,186.20649380001123,16.76756902699733,0.0,4.763609886169434,6.505859375,24,512,256,256,0
20,3,random_joint_training,20,0.09547738693467336,4096,4,2802.245412920357,-16.994312760685006,0.161376953125,7,5,0.0011111968196928501,396474.0416666667,0.011526752263307571,0.09358723958333333,0.00027422110552763817,0.00018281407035175882,0.00914070351758794,0.01828140703517588,234.56602070000372,54.637984400003916,179.88282790000085,17.46203473024998,0.0,4.405984878540039,6.505859375,24,512,256,256,0
21,3,random_joint_training,21,0.10050251256281408,4096,6,2665.7937299088667,-16.8634608713442,0.1708984375,5,3,0.005695147439837456,394029.0833333333,0.019387887169917423,0.13232421875,0.0002728643216080402,0.0001819095477386935,0.009095477386934673,0.018190954773869346,229.62277049999102,54.41294599999674,175.16802419998567,17.837952181663795,0.0,4.134215354919434,6.505859375,24,512,256,256,0
22,3,random_joint_training,22,0.10552763819095477,4096,4,3542.2028885791588,-12.599106585633209,0.12158203125,5,4,0.0024296528038879237,258419.33333333334,0.04093803217013677,0.11344401041666667,0.0002715075376884422,0.00018100502512562815,0.009050251256281408,0.018100502512562816,248.58911540001282,59.789457999984734,188.75424089998705,16.476988517413538,14.0,4.5574116706848145,6.505859375,24,512,256,256,0
23,3,random_joint_training,23,0.11055276381909548,4096,0,,-20.509922298388517,0.140625,6,4,-0.0019288078571359317,553034.875,0.009659181659420332,0.060953776041666664,0.0002701507537688442,0.00018010050251256282,0.009005025125628141,0.018010050251256283,262.84007440001005,63.11320469999919,199.685968100006,15.58362060789252,0.0,5.161252975463867,7.009765625,24,512,256,256,0
24,3,random_joint_training,24,0.11557788944723618,4096,1,1926.141999246283,-11.5985761806181,0.12646484375,6,4,-0.0010385047644376755,226850.29166666666,0.010043893630305925,0.08927408854166667,0.00026879396984924624,0.0001791959798994975,0.008959798994974875,0.01791959798994975,245.5114809999941,57.66039500001352,187.80791010000394,16.683537500228343,0.0,4.172191143035889,6.01171875,24,512,256,256,0
25,3,random_joint_training,25,0.12060301507537688,4096,2,2525.276440163837,-11.629757247565113,0.140625,6,4,-0.0005229300198455652,242036.47916666666,0.009088778247435888,0.07511393229166667,0.00026743718592964823,0.00017829145728643218,0.008914572864321608,0.017829145728643216,233.34799760000897,51.68510509998305,181.62434959999518,17.553182551928796,0.0,4.146787166595459,6.01171875,24,512,256,256,0
26,3,random_joint_training,26,0.12562814070351758,4096,6,3310.2528995381044,-15.963366525744195,0.184326171875,4,4,0.004001514986157417,337444.7708333333,0.020848435660203297,0.10441080729166667,0.0002660804020100502,0.00017738693467336683,0.008869346733668342,0.017738693467336683,204.15723929999513,47.652916999999434,156.46118529999512,20.0629672209723,9.0,3.4101033210754395,6.01171875,24,512,256,256,0
27,3,random_joint_training,27,0.1306532663316583,4096,6,2597.482382383235,-18.340538981738987,0.186767578125,4,5,0.0015431810170412064,444881.0833333333,0.011453711738189062,0.07999674479166667,0.0002647236180904522,0.0001764824120603015,0.008824120603015075,0.01764824120603015,196.5051458000089,44.27863950000028,152.17635009999503,20.84423786117368,0.0,3.1370744705200195,6.01171875,24,512,256,256,0
28,3,random_joint_training,28,0.135678391959799,4096,5,2306.1542892718962,-16.878942743844625,0.176025390625,5,4,-0.0007856722610692183,379918.875,0.00565695824722449,0.050374348958333336,0.00026336683417085426,0.0001755778894472362,0.008778894472361808,0.017557788944723617,209.40595809998922,46.50800739999977,162.85988989999169,19.560092927461984,0.0,3.5150179862976074,6.01171875,24,512,256,256,0
29,3,random_joint_training,29,0.1407035175879397,4096,3,2936.1398899072165,-16.335534773199427,0.16845703125,6,5,-0.0006930727201203505,429815.2083333333,0.004630842246115208,0.04931640625,0.00026201005025125625,0.00017467336683417087,0.008733668341708543,0.017467336683417087,219.81668009998975,50.43131300000823,169.33540409998386,18.633708771039668,5.0,3.7151260375976562,6.01171875,24,512,256,256,0
30,3,random_joint_training,30,0.1457286432160804,4096,2,2711.20869247908,-16.418249771838607,0.157470703125,5,5,-0.001691281795501709,354027.0833333333,0.006611633424957593,0.045328776041666664,0.00026065326633165824,0.00017376884422110552,0.008688442211055277,0.017376884422110554,219.46606840001186,51.811347000009846,167.6167993999843,18.66347736514051,0.0,3.8356409072875977,6.01171875,24,512,256,256,0
31,3,random_joint_training,31,0.1507537688442211,4096,1,2249.738956191254,-14.77741008380995,0.128173828125,4,4,0.0023698831597963967,360785.0,0.008620539059241613,0.07779947916666667,0.0002592964824120603,0.0001728643216080402,0.00864321608040201,0.01728643216080402,238.44700009998633,59.78397899999982,178.61814899998717,17.177821479332735,0.0,4.485192775726318,6.0234375,24,512,256,256,0
32,3,random_joint_training,32,0.15577889447236182,4096,3,2500.2424400013842,-18.898390025416727,0.135986328125,4,4,0.0009069398511201143,533166.7083333334,0.012904164691766104,0.056884765625,0.0002579396984924623,0.00017195979899497488,0.008597989949748744,0.017195979899497487,219.78242299999692,51.91082409999217,167.83213330002036,18.636613174476,0.0,3.588192939758301,6.0234375,24,512,256,256,0
33,3,random_joint_training,33,0.16080402010050251,4096,2,1820.9820197706576,-16.75757312799663,0.14501953125,6,4,0.00982297087709109,357174.8333333333,0.03923392544190089,0.15445963541666666,0.00025658291457286426,0.00017105527638190955,0.008552763819095477,0.017105527638190954,229.11520999998902,50.70208030001959,178.36513459999696,17.87746871977725,0.0,4.379568099975586,6.0234375,24,512,256,256,0
34,3,random_joint_training,34,0.1658291457286432,4096,4,2974.8376742676805,-17.972104378891576,0.17724609375,4,4,0.0031136019776264825,378770.4166666667,0.017532773315906525,0.060872395833333336,0.0002552261306532663,0.0001701507537688442,0.008507537688442212,0.017015075376884424,216.15531929998542,49.26643839999451,166.83907589997398,18.949337047382468,0.0,3.5589070320129395,6.0234375,24,512,256,256,0
35,3,random_joint_training,35,0.1708542713567839,4096,3,2903.7446850108386,-15.572176205197936,0.176025390625,4,4,0.000449475987503926,280721.1041666667,0.008267675215999285,0.045572916666666664,0.00025386934673366835,0.0001692462311557789,0.008462311557788945,0.01692462311557789,221.57259180000983,49.15595119999489,172.37437709997175,18.486040925571817,0.0,3.731039047241211,6.0234375,24,512,256,256,0
36,3,random_joint_training,36,0.17587939698492464,4096,7,2300.9640375157987,-15.74881704042445,0.198974609375,7,5,0.0005306731909513474,332555.5833333333,0.008942789708574614,0.053059895833333336,0.0002525125628140703,0.00016834170854271356,0.008417085427135679,0.016834170854271358,240.64137080000364,54.79998579999665,185.79601769999135,17.021179635002053,20.0,4.208457946777344,6.0234375,24,512,256,256,0
37,3,random_joint_training,37,0.18090452261306533,4096,2,3151.2758785033216,-13.62929476925469,0.156982421875,5,4,-0.001518660845855872,250021.83333333334,0.004843614685038726,0.049235026041666664,0.00025115577889447233,0.00016743718592964827,0.008371859296482412,0.016743718592964824,232.1698355000117,51.035218800010625,181.099498399999,17.642257406861944,0.0,3.9427266120910645,6.0234375,24,512,256,256,0
38,3,random_joint_training,38,0.18592964824120603,4096,4,2102.573769049336,-14.466281810987411,0.162353515625,5,4,0.0012869612934688728,357554.75,0.006985259552796681,0.07958984375,0.0002497989949748744,0.00016653266331658292,0.008326633165829146,0.01665326633165829,208.09992050001165,48.21698099997593,159.84129509999184,19.682852305557564,0.0,3.224555492401123,6.0234375,24,512,256,256,0
39,3,random_joint_training,39,0.19095477386934673,4096,1,1357.092809074963,-13.493183503341307,0.11962890625,6,4,-0.001758651031802098,311257.5416666667,0.0038944107169906297,0.034098307291666664,0.00024844221105527637,0.0001656281407035176,0.008281407035175879,0.016562814070351758,236.86711649998324,56.24778140001581,180.57722649999778,17.292396093318803,0.0,4.49042272567749,6.0234375,24,512,256,256,0
40,3,random_joint_training,40,0.19597989949748743,4096,7,2624.797654897513,-13.074461103629885,0.17138671875,5,5,-0.0013202470727264881,220448.5625,0.003174586221575737,0.027018229166666668,0.00024708542713567836,0.00016472361809045228,0.008236180904522612,0.016472361809045225,215.70954149999307,49.046524600009434,166.6059051999764,18.98849708509594,0.0,3.8857903480529785,6.0234375,24,512,256,256,0
41,3,random_joint_training,41,0.20100502512562815,4096,3,1544.8287804842846,-10.81165290116407,0.14306640625,5,4,-0.0009604642788569132,176461.60416666666,0.007714186484615008,0.029052734375,0.0002457286432160804,0.00016381909547738695,0.008190954773869347,0.016381909547738695,228.8929460000072,55.62033269999665,173.2228181999817,17.894828440889878,0.0,4.011169910430908,6.0234375,24,512,256,256,0
42,3,random_joint_training,42,0.20603015075376885,4096,3,1844.0594910777268,-13.829199502022718,0.15234375,5,4,-0.0013632060339053471,271095.5,0.0019120601937174797,0.030680338541666668,0.0002443718592964824,0.0001629145728643216,0.00814572864321608,0.01629145728643216,225.79676990001462,52.93779409999843,172.81776830001036,18.140206353765624,29.0,4.131150245666504,6.0234375,24,512,256,256,0
43,3,random_joint_training,43,0.21105527638190955,4096,2,4523.375030518577,-15.455662802732402,0.1669921875,5,4,0.001732506478826205,327370.9583333333,0.011794855197270712,0.060628255208333336,0.00024301507537688438,0.00016201005025125628,0.008100502512562814,0.016201005025125628,231.78260489998502,53.484450000018114,178.24594200000865,17.671731671871743,0.0,4.435230255126953,6.0234375,24,512,256,256,0
44,3,random_joint_training,44,0.21608040201005024,4096,2,4371.403832370613,-11.611366574114664,0.145751953125,6,4,0.00302270178993543,240542.83333333334,0.011755573252836863,0.07698567708333333,0.0002416582914572864,0.00016110552763819096,0.008055276381909547,0.016110552763819095,223.47881380000035,53.38799759998801,170.045755500003,18.32835932119125,0.0,4.100894927978516,6.0234375,24,512,256,256,0
45,3,random_joint_training,45,0.22110552763819097,4096,1,2395.596970458949,-14.81819465960087,0.1474609375,5,5,-0.00357140072931846,346256.2708333333,0.004240619329114755,0.045979817708333336,0.00024030150753768842,0.00016020100502512564,0.008010050251256281,0.016020100502512562,243.74355469999136,54.339133599976776,189.3466092000017,16.804546914241524,0.0,4.710548400878906,6.0234375,24,512,256,256,0
46,3,random_joint_training,46,0.22613065326633167,4096,1,3050.120233468205,-14.920087573356753,0.135498046875,6,4,-0.0018702982924878597,279234.2083333333,0.004392176556090514,0.037353515625,0.0002389447236180904,0.0001592964824120603,0.007964824120603016,0.015929648241206032,226.8573815000127,53.85675629999605,172.96419680002145,18.055396623714316,0.0,3.936685085296631,6.0234375,24,512,256,256,0
47,3,random_joint_training,47,0.23115577889447236,4096,1,3714.5169557260933,-13.85026565691094,0.12939453125,5,5,0.0005615573609247804,254133.10416666666,0.006649174417058627,0.045979817708333336,0.00023758793969849245,0.000158391959798995,0.007919597989949748,0.015839195979899495,243.17762860000948,55.31435929998406,187.8123216999811,16.84365467161168,0.0,4.813835620880127,6.0234375,24,512,256,256,0
48,3,random_joint_training,48,0.23618090452261306,4096,5,2139.369156858285,-14.85751032619275,0.1630859375,7,4,0.0008326364525904258,329371.8333333333,0.007514857376615207,0.06502278645833333,0.00023623115577889447,0.00015748743718592968,0.007874371859296483,0.015748743718592965,208.31568250001874,45.779622500005644,162.49482630001148,19.662465882757683,0.0,3.479221820831299,6.0234375,24,512,256,256,0
49,3,random_joint_training,49,0.24120603015075376,4096,7,3033.1352473603715,-15.441422757282119,0.1796875,6,3,0.0015559975678722064,356842.125,0.007505585129062335,0.06298828125,0.00023487437185929646,0.00015658291457286433,0.007829145728643216,0.015658291457286432,216.58805160000338,49.95899320000899,166.58211260000826,18.9114772017273,0.0,3.5356030464172363,6.0234375,24,512,256,256,0
50,3,random_joint_training,50,0.24623115577889448,4096,3,1114.2799742740556,-10.48753096401713,0.116455078125,5,3,-0.0011519341884801786,206474.66666666666,0.008099775140484175,0.05712890625,0.00023351758793969848,0.000155678391959799,0.0077839195979899495,0.015567839195979899,241.91841680000653,56.91389799999888,184.96197920001578,16.931327735110614,0.0,4.67227840423584,6.0234375,24,512,256,256,0
51,3,random_joint_training,51,0.25125628140703515,4096,1,3599.4949485085517,-17.43069660122486,0.156494140625,5,6,-0.0004718771670013666,451284.625,0.0038364827632904053,0.045572916666666664,0.0002321608040201005,0.00015477386934673368,0.007738693467336684,0.015477386934673367,234.40430060002836,55.523151600005804,178.82905319999554,17.474082128677054,20.0,4.329293727874756,6.0234375,24,512,256,256,0
52,3,random_joint_training,52,0.2562814070351759,4096,0,,-13.060991475917174,0.1044921875,5,4,-0.0002853151721258958,214171.83333333334,0.010446897397438685,0.0537109375,0.0002308040201005025,0.00015386934673366836,0.007693467336683417,0.015386934673366834,255.9471579999954,58.632311099994695,197.26672630000394,16.003303306849276,0.0,5.343832969665527,7.068359375,24,512,256,256,0
53,3,random_joint_training,53,0.2613065326633166,4096,0,,-11.849852472351465,0.11083984375,5,4,0.00011232572918136914,236878.52083333334,0.010124292224645615,0.07771809895833333,0.0002294472361809045,0.000152964824120603,0.0076482412060301505,0.015296482412060301,234.97941099997843,56.80890279999585,178.11961570000858,17.43131443971649,0.0,4.427545547485352,6.861328125,24,512,256,256,0
54,3,random_joint_training,54,0.2663316582914573,4096,2,2364.1548697560775,-10.310400614031384,0.11328125,5,4,0.005442988748351733,158191.65625,0.030841723084449768,0.08463541666666667,0.00022809045226130652,0.0001520603015075377,0.007603015075376885,0.01520603015075377,243.8815675000078,62.06215559999691,181.76811800000723,16.795037205917044,12.0,4.538479328155518,6.861328125,24,512,256,256,0
55,3,random_joint_training,55,0.271356783919598,4096,7,2715.372687759388,-17.76991929976294,0.167724609375,4,4,0.002689806123574575,369964.5833333333,0.009693733726938566,0.08634440104166667,0.0002267336683417085,0.00015115577889447237,0.007557788944723618,0.015115577889447236,219.08865530000185,52.578770700027235,166.45454330000211,18.695628006805176,0.0,3.9011988639831543,6.861328125,24,512,256,256,0
56,3,random_joint_training,56,0.27638190954773867,4096,1,3853.376217886281,-13.607616981690706,0.132080078125,5,4,0.0006699987376729647,254923.41666666666,0.002979779615998268,0.043212890625,0.00022537688442211053,0.00015025125628140705,0.0075125628140703515,0.015025125628140703,219.11461790002068,51.834065400005784,167.2236380999966,18.693412786676582,0.0,4.117203712463379,6.861328125,24,512,256,256,0
57,3,random_joint_training,57,0.2814070351758794,4096,3,2735.0326459085836,-13.35274944887151,0.129638671875,5,3,0.0019262977875769138,291292.8541666667,0.010403058181206385,0.079833984375,0.00022402010050251252,0.0001493467336683417,0.007467336683417085,0.01493467336683417,219.0399139999936,49.83432990001165,169.16520619997755,18.6997882038984,0.0,4.054468154907227,6.861328125,24,512,256,256,0
58,3,random_joint_training,58,0.2864321608040201,4096,3,1913.3198857098987,-11.775244212386903,0.126220703125,5,5,0.003914481028914452,215698.3125,0.02044147253036499,0.09464518229166667,0.00022266331658291454,0.00014844221105527638,0.007422110552763818,0.014844221105527636,236.10047569999006,54.43739840001217,181.6135016999906,17.348546155428913,4.0,4.504473686218262,6.861328125,24,512,256,256,0
59,3,random_joint_training,59,0.2914572864321608,4096,3,2788.4887326159624,-13.12103460479547,0.11376953125,5,3,0.0030559077858924866,247102.83333333334,0.0221722275018692,0.09326171875,0.00022130653266331656,0.00014753768844221106,0.007376884422110553,0.014753768844221107,239.67434409999987,55.15068540000357,184.48314830000163,17.089855884996254,0.0,4.570260524749756,6.861328125,24,512,256,256,0
60,3,random_joint_training,60,0.2964824120603015,4096,2,2066.216401142304,-14.848217041330793,0.11572265625,5,4,-0.0009235501444588105,323070.25,0.0055908337235450745,0.045247395833333336,0.00021994974874371855,0.00014663316582914573,0.007331658291457287,0.014663316582914573,222.80682699999306,52.800939400010975,169.9565450999944,18.383637768873786,15.0,4.060760974884033,6.861328125,24,512,256,256,0
61,3,random_joint_training,61,0.3015075376884422,4096,3,1898.307027471829,-15.953841457033242,0.13671875,4,3,-0.0016270953541000683,295059.8125,0.006277172515789668,0.06453450520833333,0.00021859296482412056,0.00014572864321608039,0.00728643216080402,0.01457286432160804,218.2169951000251,53.12544100001105,165.04597909998847,18.770307042870325,10.0,4.088711261749268,6.861328125,24,512,256,256,0
62,3,random_joint_training,62,0.3065326633165829,4096,3,2789.765063350088,-16.223678550970924,0.1435546875,4,4,0.0036047805721561113,352941.25,0.018017249802748363,0.10294596354166667,0.00021723618090452258,0.00014482412060301506,0.0072412060301507535,0.014482412060301507,228.76301480000257,52.270764800021425,176.44089460000396,17.904992219047962,0.0,4.477921962738037,6.861328125,24,512,256,256,0
63,3,random_joint_training,63,0.31155778894472363,4096,2,1815.5903097367152,-9.988411218034326,0.09716796875,5,4,0.003754702707131704,168572.34375,0.013970858107010523,0.0546875,0.00021587939698492457,0.00014391959798994974,0.007195979899497487,0.014391959798994974,262.4824125999876,61.69096919998992,200.74760919998516,15.604855043153446,17.0,5.310922622680664,6.869140625,24,512,256,256,0
64,3,random_joint_training,64,0.3165829145728643,4096,2,2091.277303820778,-15.565265845007628,0.0830078125,6,3,0.00036619727810223895,305303.8333333333,0.003798834358652433,0.039225260416666664,0.00021452261306532662,0.00014301507537688442,0.007150753768844221,0.014301507537688442,238.19479989999672,58.21369999999297,179.92555299997912,17.19600932396365,6.0,4.837038516998291,6.869140625,24,512,256,256,0
65,3,random_joint_training,65,0.32160804020100503,4096,1,4042.5973466020355,-17.512912640031807,0.11865234375,6,4,0.0022421455942094326,352838.4166666667,0.0076856060574452085,0.064208984375,0.00021316582914572863,0.0001421105527638191,0.0071055276381909544,0.014211055276381909,208.0212179000082,49.99955720000435,157.9678194000153,19.69029910193521,0.0,3.839301109313965,6.869140625,24,512,256,256,0
66,3,random_joint_training,66,0.32663316582914576,4096,3,2757.428354101719,-13.002539766181023,0.080078125,5,4,0.0018613658224542935,257311.20833333334,0.012213143209616343,0.042399088541666664,0.0002118090452261306,0.00014120603015075375,0.007060301507537689,0.014120603015075377,231.39439579998725,53.518042599986074,177.83808449999196,17.701379438508535,3.0,4.315268516540527,6.869140625,24,512,256,256,0
67,3,random_joint_training,67,0.3316582914572864,4096,2,3680.7183233942474,-13.315539075406713,0.110595703125,5,4,0.0013308804482221603,238756.08333333334,0.010969032843907675,0.051432291666666664,0.00021045226130653264,0.00014030150753768846,0.007015075376884422,0.014030150753768844,230.35203629999887,57.00345990000642,173.29497120002634,17.78147945115439,0.0,4.423832416534424,6.869140625,24,512,256,256,0
68,3,random_joint_training,68,0.33668341708542715,4096,2,2692.7316953369736,-14.872740779039946,0.1337890625,4,4,-0.00029004054764906567,292494.2291666667,0.001971152611076832,0.0283203125,0.00020909547738693466,0.0001393969849246231,0.0069698492462311554,0.013939698492462311,199.05262120001134,45.96826739999233,153.04248579998966,20.577473309855446,11.0,3.3474068641662598,6.869140625,24,512,256,256,0
69,3,random_joint_training,69,0.3417085427135678,4096,3,3926.261904734673,-14.549293918721972,0.106689453125,4,3,0.001165611669421196,286304.3541666667,0.00750025175511837,0.049723307291666664,0.0002077386934673367,0.0001384924623115578,0.00692462311557789,0.01384924623115578,234.27772549999645,56.95349179999903,177.27886150000268,17.48352299075083,0.0,4.472636699676514,6.869140625,24,512,256,256,0
70,3,random_joint_training,70,0.34673366834170855,4096,7,2818.9815697155223,-16.105885160506393,0.12890625,4,3,-8.852826431393623e-05,369704.4166666667,0.00410368883361419,0.031575520833333336,0.00020638190954773867,0.00013758793969849246,0.006879396984924623,0.013758793969849246,219.87685629999032,51.077678699977696,168.7550588999875,18.628609072032564,0.0,4.087405204772949,6.869140625,24,512,256,256,0
71,3,random_joint_training,71,0.35175879396984927,4096,1,4236.384631544453,-15.03505427022144,0.080078125,5,4,-0.0017854254692792892,330351.0625,0.0024708439595997334,0.036702473958333336,0.00020502512562814069,0.00013668341708542714,0.006834170854271356,0.013668341708542713,248.49851679999847,60.67154080001637,187.7778453999781,16.482995764906814,0.0,5.157712459564209,6.869140625,24,512,256,256,0
72,3,random_joint_training,72,0.35678391959798994,4096,4,3153.768288411483,-18.346431230907392,0.1103515625,4,3,-0.0014320923946797848,508714.625,0.002365576413770517,0.032145182291666664,0.0002036683417085427,0.00013577889447236182,0.006788944723618091,0.013577889447236181,222.83376199999475,53.5662712000194,169.2204638000112,18.381415649214308,0.0,3.859738826751709,6.869140625,24,512,256,256,0
73,3,random_joint_training,73,0.36180904522613067,4096,4,3207.2512613801596,-18.328589982285106,0.138427734375,4,3,-0.0025721839629113674,396645.5416666667,0.0033005758499105773,0.022786458333333332,0.00020231155778894472,0.0001348743718592965,0.006743718592964824,0.013487437185929648,203.9840631999832,44.760352399986004,159.18136700001196,20.080000053652903,12.0,3.440347671508789,6.869140625,24,512,256,256,0
74,3,random_joint_training,74,0.36683417085427134,4096,3,3375.0940150457554,-21.840114354758832,0.129150390625,5,5,8.891879891355833e-06,620437.3333333334,0.0012596480858822663,0.012858072916666666,0.00020095477386934674,0.00013396984924623118,0.006698492462311557,0.013396984924623115,233.50574719998986,54.37742640002398,179.0857251000125,17.541324139195225,0.0,4.300589561462402,6.869140625,24,512,256,256,0
75,3,random_joint_training,75,0.37185929648241206,4096,2,2471.8752573372776,-19.22105858064787,0.10888671875,5,4,0.00016189413145184517,493334.5833333333,0.0036606707920630774,0.0419921875,0.00019959798994974873,0.00013306532663316586,0.006653266331658291,0.013306532663316582,225.9745372000034,54.64231359999394,171.29089199998998,18.125936004793104,0.0,4.445947647094727,6.869140625,24,512,256,256,0
76,3,random_joint_training,76,0.3768844221105528,4096,4,3622.2850297325513,-14.230497521616403,0.1025390625,7,3,-0.001295413278664152,288731.2916666667,0.009929968665043512,0.07014973958333333,0.00019824120603015075,0.0001321608040201005,0.006608040201005024,0.013216080402010048,218.92070310001145,52.675932999991346,166.20242190000135,18.70997097121869,0.0,3.7570137977600098,6.869140625,24,512,256,256,0
77,3,random_joint_training,77,0.38190954773869346,4096,0,,-12.693781678934071,0.093994140625,7,4,-0.0010800568852573633,212135.27083333334,0.0017785923555493355,0.0283203125,0.00019688442211055276,0.00013125628140703518,0.006562814070351759,0.013125628140703519,257.1839636999939,65.37633880000794,191.7502004999842,15.926342922290441,19.0,5.435815811157227,7.146484375,24,512,256,256,0
78,3,random_joint_training,78,0.3869346733668342,4096,4,2632.952996906425,-12.187652169906304,0.114990234375,5,5,-0.0005451541704436144,213043.85416666666,0.002233090034375588,0.027018229166666668,0.00019552763819095475,0.00013035175879396986,0.006517587939698493,0.013035175879396985,229.1224302999908,57.282322999992175,171.79264959998545,17.876905349847647,0.0,4.168022632598877,6.33203125,24,512,256,256,0
79,3,random_joint_training,79,0.39195979899497485,4096,3,2261.1875626347073,-19.53177396249388,0.157958984375,8,5,0.0016652375149230163,496359.8333333333,0.0018085124902427197,0.015787760416666668,0.00019417085427135677,0.00012944723618090454,0.006472361809045226,0.012944723618090452,221.03229929998633,52.116037500003586,168.86053340000217,18.531228299991056,20.0,3.889652729034424,6.33203125,24,512,256,256,0
80,3,random_joint_training,80,0.3969849246231156,4096,2,2050.108247323793,-17.05369674319166,0.108642578125,5,4,-0.001482071044544379,418588.9583333333,0.002023531123995781,0.031656901041666664,0.0001928140703517588,0.0001285427135678392,0.006427135678391959,0.012854271356783919,222.55788710000343,52.030153400002746,170.48673440000857,18.404200603142485,0.0,4.073160648345947,6.33203125,24,512,256,256,0
81,3,random_joint_training,81,0.4020100502512563,4096,3,3370.4745963002765,-16.84223398251904,0.121337890625,7,3,-0.00033068594833215076,320440.875,0.0047239456325769424,0.03955078125,0.00019145728643216078,0.00012763819095477387,0.006381909547738693,0.012763819095477386,210.22399030000088,47.831393400003435,162.33769030001713,19.483979892850424,0.0,3.8935461044311523,6.33203125,24,512,256,256,0
82,3,random_joint_training,82,0.40703517587939697,4096,3,2542.1954547613564,-20.011377236669258,0.114501953125,6,4,0.0011658805112044017,567647.125,0.0069977038850386935,0.054606119791666664,0.0001901005025125628,0.00012673366834170855,0.006336683417085427,0.012673366834170854,231.99162700001034,55.369310700014466,176.57180500001414,17.65580962109386,28.0,4.493169784545898,6.33203125,24,512,256,256,0
83,3,random_joint_training,83,0.4120603015075377,4096,3,2396.920131185865,-24.817951213750852,0.140869140625,5,5,-0.0011367717913041513,932044.4166666666,0.005535658448934555,0.043701171875,0.0001887437185929648,0.00012582914572864323,0.00629145728643216,0.01258291457286432,229.18969500000821,53.36523700001999,175.76749109997763,17.87165867121492,0.0,4.263516426086426,6.33203125,24,512,256,256,0
84,3,random_joint_training,84,0.41708542713567837,4096,3,1811.7524957191192,-18.103658242370877,0.098388671875,4,4,0.0039628368491927786,394756.5416666667,0.010717496275901794,0.080322265625,0.0001873869346733668,0.00012492462311557788,0.006246231155778895,0.01249246231155779,212.06562199999462,47.87411840001005,164.14436510001542,19.31477606493005,5.0,4.1299614906311035,6.33203125,24,512,256,256,0
85,3,random_joint_training,85,0.4221105527638191,4096,2,1732.1609604734858,-17.200147774724833,0.100341796875,8,4,-0.0005853022448718548,417276.1666666667,0.003772143584986528,0.049153645833333336,0.00018603015075376882,0.00012402010050251256,0.006201005025125628,0.012402010050251256,230.8166831000126,55.05626000001212,175.71982359999674,17.745684345638082,0.0,4.37921667098999,6.33203125,24,512,256,256,0
86,3,random_joint_training,86,0.4271356783919598,4096,0,,-13.951846463278539,0.0537109375,5,4,-0.00033145925650993985,309090.5,0.010169733936587969,0.055094401041666664,0.0001846733668341708,0.00012311557788944724,0.006155778894472361,0.012311557788944723,311.2475895000098,73.47569980000844,237.71858590000193,13.159941275625112,0.0,5.5912065505981445,6.91796875,24,512,256,256,0
87,3,random_joint_training,87,0.4321608040201005,4096,3,4830.362134547416,-17.259184956463663,0.12353515625,6,4,-0.0009640149461726347,537376.375,0.00281426248451074,0.033040364583333336,0.00018331658291457283,0.00012221105527638191,0.006110552763819095,0.01222110552763819,235.32464939999045,55.735330099996645,179.52356199998758,17.405741431862793,0.0,4.008077144622803,6.91796875,24,512,256,256,0
88,3,random_joint_training,88,0.4371859296482412,4096,3,3470.813038700111,-16.359869474911477,0.13037109375,4,3,-0.00011396120923260848,350108.0,0.0036735981702804565,0.034016927083333336,0.00018195979899497485,0.00012130653266331658,0.006065326633165829,0.012130653266331658,224.867966299993,52.47755719997804,172.3287171999982,18.215133384252642,0.0,4.088609218597412,6.91796875,24,512,256,256,0
89,3,random_joint_training,89,0.44221105527638194,4096,2,4324.27608951255,-17.41727769432638,0.12890625,4,4,0.008889927218357721,384080.0833333333,0.010531507432460785,0.09773763020833333,0.00018060301507537684,0.00012040201005025124,0.006020100502512562,0.012040201005025125,216.6780410000065,47.44802119999076,169.16001659998437,18.90362300257218,0.0,3.8389010429382324,6.91796875,24,512,256,256,0
90,3,random_joint_training,90,0.4472361809045226,4096,5,1935.15531854848,-14.124072765305433,0.1298828125,6,4,-0.0015497903029123943,275585.8125,0.007485007246335347,0.056477864583333336,0.00017924623115577888,0.00011949748743718594,0.005974874371859297,0.011949748743718593,217.74737269998877,45.83509440001217,171.85978879997856,18.81078953656744,0.0,3.6104259490966797,6.91796875,24,512,256,256,0
91,3,random_joint_training,91,0.45226130653266333,4096,1,2281.3743276292225,-7.033468039227829,0.049072265625,5,4,-0.002785185972849528,64493.765625,0.006053827702999115,0.02880859375,0.00017788944723618087,0.00011859296482412059,0.00592964824120603,0.01185929648241206,264.5848108000064,61.577975300024264,202.95500139999785,15.480858434825546,0.0,4.872148513793945,6.91796875,24,512,256,256,0
92,3,random_joint_training,92,0.457286432160804,4096,3,2114.7249575890205,-13.255209106561246,0.134765625,6,4,0.0012457026168704033,309476.2708333333,0.0021774984585742154,0.052652994791666664,0.0001765326633165829,0.00011768844221105528,0.005884422110552763,0.011768844221105527,230.35182680000435,56.74569630000042,173.5472762999998,17.781495623024608,0.0,4.275747776031494,6.91796875,24,512,256,256,0
93,3,random_joint_training,93,0.4623115577889447,4096,0,,-12.735917203928004,0.113525390625,5,4,-0.00036456063389778137,262809.6666666667,0.002955386725564798,0.030680338541666668,0.0001751758793969849,0.00011678391959798996,0.005839195979899497,0.011678391959798994,213.31824980000965,52.578518299997086,160.68519899999956,19.201357613987955,0.0,3.8821020126342773,6.91796875,24,512,256,256,0
94,3,random_joint_training,94,0.46733668341708545,4096,0,,-13.232244830657711,0.11669921875,7,3,-0.0007433909922838211,346763.3541666667,0.001985355435560147,0.0166015625,0.00017381909547738693,0.00011587939698492462,0.005793969849246231,0.011587939698492462,235.48950329999207,54.072841299988795,181.35753330000443,17.393556581509586,0.0,4.46248722076416,6.91796875,24,512,256,256,0
95,3,random_joint_training,95,0.4723618090452261,4096,6,2651.4106176431637,-12.590612461842884,0.127685546875,6,3,0.002862225907544295,222777.77083333334,0.002289100860555967,0.020833333333333332,0.00017246231155778892,0.0001149748743718593,0.005748743718592964,0.011497487437185929,218.0190311000042,51.94728930000565,166.02106120000826,18.78735071582437,0.0,3.6338253021240234,6.91796875,24,512,256,256,0
96,3,random_joint_training,96,0.47738693467336685,4096,0,,-9.860781034729662,0.09716796875,8,4,0.0006545650151868662,138945.92708333334,0.0007887969259172678,0.014322916666666666,0.00017110552763819093,0.00011407035175879396,0.005703517587939698,0.011407035175879396,246.74662429999444,58.803398999996716,187.8836139999912,16.600024464853814,0.0,4.713541507720947,6.91796875,24,512,256,256,0
97,3,random_joint_training,97,0.4824120603015075,4096,5,2829.3962999603245,-14.003897076003263,0.140869140625,6,5,0.0005623837932944298,297962.6666666667,0.005154988418022792,0.04541015625,0.00016974874371859298,0.00011316582914572866,0.005658291457286432,0.011316582914572864,239.15253590000793,56.00782729999628,183.098447700002,17.127144333157222,20.0,3.9263296127319336,6.91796875,24,512,256,256,0
98,3,random_joint_training,98,0.48743718592964824,4096,3,3735.624297054958,-12.797194806154767,0.131591796875,6,5,0.0007554814219474792,282645.7708333333,0.00359383225440979,0.044026692708333336,0.00016839195979899497,0.00011226130653266334,0.005613065326633165,0.01122613065326633,235.5022715999803,53.13891439998406,182.31519190000836,17.392613549636533,0.0,4.365365982055664,6.91796875,24,512,256,256,0
99,3,random_joint_training,99,0.49246231155778897,4096,3,1848.377753082163,-16.054868175766828,0.146728515625,6,4,0.001615676252792279,365624.875,0.005901475126544635,0.023600260416666668,0.00016703517587939696,0.00011135678391959799,0.005567839195979899,0.011135678391959798,225.5917776999995,51.33297260000836,174.21351989998948,18.156690114153964,0.0,3.980741500854492,6.91796875,24,512,256,256,0
100,3,random_joint_training,100,0.49748743718592964,4096,1,2927.9048495161737,-13.663850713295709,0.10009765625,7,5,0.0006181908150513967,278712.6875,0.0014338723073403041,0.020182291666666668,0.000165678391959799,0.00011045226130653268,0.005522613065326633,0.011045226130653266,248.18247830000473,59.99839259998407,188.13342090000515,16.503985406450518,18.0,4.750123500823975,6.91796875,24,512,256,256,0
101,3,random_joint_training,101,0.5025125628140703,4096,8,2335.103387630415,-11.91200694710027,0.125732421875,6,3,-0.001014361313233773,172652.10416666666,0.003500459405283133,0.037272135416666664,0.000164321608040201,0.00010954773869346736,0.005477386934673367,0.010954773869346734,220.65263980001328,54.38243699999293,166.2212115000002,18.563113515036015,0.0,3.649360179901123,6.91796875,24,512,256,256,0
102,3,random_joint_training,102,0.507537688442211,4096,2,2283.276606132312,-13.43273266699947,0.11181640625,5,5,-0.000379071415712436,322063.0625,0.0010048802165935438,0.008626302083333334,0.000162964824120603,0.00010864321608040202,0.005432160804020101,0.010864321608040201,235.25821420000284,52.52693009999348,182.6816228000098,17.41065668600978,26.0,4.261227607727051,6.91796875,24,512,256,256,0
103,3,random_joint_training,103,0.5125628140703518,4096,0,,-14.164751483896215,0.095458984375,5,3,-0.001404247557123502,245814.27083333334,0.00408801839997371,0.052490234375,0.00016160804020100503,0.0001077386934673367,0.005386934673366834,0.010773869346733668,222.92401819999213,51.26678219999303,171.60946910001803,18.37397348690059,0.0,4.10830545425415,6.91796875,24,512,256,256,0
104,3,random_joint_training,104,0.5175879396984925,4096,3,3280.82085710507,-16.424200845427677,0.135986328125,7,4,-0.002252891038854917,415865.9166666667,0.0031942867984374366,0.03271484375,0.00016025125628140702,0.00010683417085427136,0.005341708542713567,0.010683417085427135,233.70319609998842,54.95897100001457,178.68986199999927,17.526503994611836,0.0,4.376588344573975,6.91796875,24,512,256,256,0
105,3,random_joint_training,105,0.5226130653266332,4096,3,3308.176632829204,-9.112401888515759,0.078857421875,7,4,-0.0010800929740071297,131744.52083333334,0.002549609635025263,0.020833333333333332,0.00015889447236180904,0.00010592964824120604,0.005296482412060301,0.010592964824120601,238.60175830000662,56.77270139998291,181.78314860002138,17.166679865157917,5.0,4.416055679321289,6.91796875,24,512,256,256,0
106,3,random_joint_training,106,0.5276381909547738,4096,2,2948.0990528820575,-14.591168837821186,0.138427734375,6,7,0.0019610837722818055,322271.9375,0.0012490778074910243,0.024169921875,0.00015753768844221103,0.00010502512562814071,0.005251256281407035,0.01050251256281407,230.09017370000947,53.5736285999883,176.47048799999175,17.801716319013025,0.0,4.556054592132568,6.91796875,24,512,256,256,0
107,3,random_joint_training,107,0.5326633165829145,4096,1,1273.6989093507082,-12.326042539600104,0.084716796875,8,4,0.0003603571482623617,219357.8125,0.0036192825064063072,0.033365885416666664,0.00015618090452261305,0.00010412060301507539,0.005206030150753768,0.010412060301507537,220.84337450002204,51.44819510000525,169.35167309999815,18.547081203016084,29.0,4.195361137390137,6.91796875,24,512,256,256,0
108,3,random_joint_training,108,0.5376884422110553,4096,1,2100.299673702354,-16.25377728464446,0.154541015625,6,4,0.0011319546805073817,325099.9583333333,0.005116874041656653,0.042236328125,0.00015482412060301506,0.00010321608040201005,0.005160804020100503,0.010321608040201005,211.46759200000088,49.69866589998128,161.72126469999785,19.369398219657143,2.0,3.9033775329589844,6.91796875,24,512,256,256,0
109,3,random_joint_training,109,0.542713567839196,4096,3,2632.1787100862057,-13.012208266453797,0.102294921875,5,5,0.0029809928188721337,269791.0,0.005656126886606216,0.059733072916666664,0.00015346733668341705,0.00010231155778894473,0.005115577889447236,0.010231155778894472,220.07464609999442,50.58000769998762,169.43820199999027,18.611866803315984,0.0,3.976804256439209,6.91796875,24,512,256,256,0
110,3,random_joint_training,110,0.5477386934673367,4096,3,2288.753695788594,-17.326213446957485,0.140380859375,5,3,-0.001234581150735418,389954.4166666667,0.002550555393099785,0.016194661458333332,0.00015211055276381907,0.0001014070351758794,0.005070351758793969,0.010140703517587939,204.30557279998902,43.786362699989695,160.47373339999467,20.048400755127226,0.0,3.6182870864868164,6.91796875,24,512,256,256,0
111,3,random_joint_training,111,0.5527638190954773,4096,2,4988.6688423253045,-15.439138112618272,0.10546875,6,3,-0.000310255525012811,379331.25,0.0013873758725821972,0.009928385416666666,0.0001507537688442211,0.00010050251256281407,0.005025125628140704,0.010050251256281407,244.18842429999495,58.934037300001364,185.20781540000462,16.773931900096564,0.0,4.775757312774658,6.91796875,24,512,256,256,0
112,3,random_joint_training,112,0.5577889447236181,4096,3,1141.0124124856325,-16.87524877431917,0.154052734375,7,4,0.0004018664670487245,432914.875,0.0028168518717090287,0.030924479166666668,0.00014939698492462313,9.959798994974876e-05,0.004979899497487437,0.009959798994974874,208.96748890000163,46.50602939998498,162.4147881999961,19.60113518883352,0.0,3.580874443054199,6.91796875,24,512,256,256,0
113,3,random_joint_training,113,0.5628140703517588,4096,2,3904.0503785362366,-18.177608198813925,0.1259765625,5,3,0.00039544329047203064,566899.6666666666,0.0037032648300131163,0.025553385416666668,0.0001480402010050251,9.869346733668342e-05,0.00493467336683417,0.00986934673366834,230.1082666000002,53.88303970001289,176.17332299999543,17.800316609746677,0.0,4.314877510070801,6.91796875,24,512,256,256,0
114,3,random_joint_training,114,0.5678391959798995,4096,3,4451.3899037414185,-17.89815483967213,0.1201171875,8,3,0.00019953089455763498,540362.8333333334,0.0030490864689151445,0.02978515625,0.00014668341708542711,9.778894472361808e-05,0.004889447236180904,0.009778894472361807,220.51288009999553,50.062383499986026,170.39455389999785,18.574878701609606,0.0,4.10539436340332,6.91796875,24,512,256,256,0
115,3,random_joint_training,115,0.5728643216080402,4096,4,3110.138208421371,-15.966025875577046,0.115478515625,5,4,0.0002929307520389557,386287.4166666667,0.0019291879919668038,0.029134114583333332,0.0001453266331658291,9.688442211055276e-05,0.004844221105527637,0.009688442211055274,223.5340939000016,48.93057409999892,174.5460889999813,18.323826708208337,0.0,4.009038925170898,6.91796875,24,512,256,256,0
116,3,random_joint_training,116,0.5778894472361809,4096,2,2093.040690708209,-16.885556859695185,0.1396484375,5,3,0.0006926528488596281,464056.2083333333,0.0030520238603154817,0.02783203125,0.00014396984924623115,9.597989949748745e-05,0.004798994974874372,0.009597989949748744,209.4501442000037,46.28095929999836,163.12256210000487,19.555966483788783,0.0,3.476505756378174,6.91796875,24,512,256,256,0
117,3,random_joint_training,117,0.5829145728643216,4096,5,2178.6992658525214,-13.817496503199358,0.11181640625,5,3,0.001353267269829909,273828.5208333333,0.0024442638580997786,0.025634765625,0.00014261306532663317,9.507537688442212e-05,0.004753768844221106,0.009507537688442211,217.87620779999997,48.187517599988496,169.63678530001198,18.799666293806315,0.0,3.9173836708068848,6.91796875,24,512,256,256,0
118,3,random_joint_training,118,0.5879396984924623,4096,6,2391.3465054943927,-14.865688180773951,0.12255859375,4,4,-0.001460051319251458,311576.0833333333,0.0023927949368953705,0.015218098958333334,0.00014125628140703516,9.41708542713568e-05,0.004708542713567839,0.009417085427135678,211.57800219999626,48.506323000008706,163.0267204999982,19.35929046219188,0.0,4.066614151000977,6.91796875,24,512,256,256,0
119,3,random_joint_training,119,0.592964824120603,4096,4,1708.9109596299518,-18.51293685895945,0.162841796875,5,5,-0.00032398710027337074,408532.4166666667,0.00028757029213011265,0.0035807291666666665,0.00013989949748743717,9.326633165829146e-05,0.004663316582914572,0.009326633165829145,195.04244680001284,44.98614550000639,150.0050687000039,21.000556890059126,0.0,3.3617868423461914,6.91796875,24,512,256,256,0
120,3,random_joint_training,120,0.5979899497487438,4096,3,1991.2970369188927,-14.506795854369155,0.1083984375,6,3,0.0011074345869322617,227676.97916666666,0.0004104351003964742,0.014973958333333334,0.0001385427135678392,9.236180904522614e-05,0.004618090452261306,0.009236180904522611,230.4532072999864,54.25860180001473,176.14798999999766,17.773673224118507,23.0,4.5987772941589355,6.91796875,24,512,256,256,0
121,3,random_joint_training,121,0.6030150753768844,4096,3,2940.2721019686087,-10.73117605740134,0.09716796875,4,3,0.0008218314033001661,196798.54166666666,0.0009728226189812025,0.010579427083333334,0.00013718592964824118,9.14572864321608e-05,0.00457286432160804,0.00914572864321608,231.9819919000147,55.37116030001198,176.54512920000707,17.65654293444206,0.0,4.587265968322754,6.91796875,24,512,256,256,0
122,3,random_joint_training,122,0.6080402010050251,4096,2,3516.215766208209,-14.897332986262313,0.1220703125,4,3,0.0004885322414338589,293864.2708333333,0.0021668487849334874,0.016194661458333332,0.0001358291457286432,9.055276381909548e-05,0.004527638190954773,0.009055276381909547,200.08419049999793,47.34904030000325,152.69043529999908,20.471382520349813,0.0,3.51962947845459,6.91796875,24,512,256,256,0
123,3,random_joint_training,123,0.6130653266331658,4096,6,2421.652446286495,-16.210996082384405,0.13916015625,6,4,0.01768538107474645,345049.375,0.04736144344011942,0.15787760416666666,0.00013447236180904522,8.964824120603014e-05,0.0044824120603015076,0.008964824120603015,200.77593559998786,45.25201749999542,155.4702242000203,20.400851266162636,0.0,3.2581090927124023,6.91796875,24,512,256,256,0
124,3,random_joint_training,124,0.6180904522613065,4096,3,3354.7077135683744,-12.222464506978838,0.11962890625,5,3,0.004393893604477246,206277.35416666666,0.01240367442369461,0.09025065104166667,0.0001331155778894472,8.874371859296482e-05,0.004437185929648241,0.008874371859296482,198.4120120999869,47.82906839999487,150.5358375000069,20.643911407621225,1.0,3.250187397003174,6.91796875,24,512,256,256,0
125,3,random_joint_training,125,0.6231155778894473,4096,5,2984.7564311536325,-15.544591842528803,0.128662109375,4,4,0.0014364253729581833,381474.7916666667,0.00650177833934625,0.042805989583333336,0.00013175879396984923,8.783919597989949e-05,0.004391959798994974,0.008783919597989949,217.50520710001,50.04004250001162,167.40983920000144,18.831733063368173,0.0,4.128283500671387,6.91796875,24,512,256,256,0
126,3,random_joint_training,126,0.628140703517588,4096,4,3352.6963224606698,-14.72602693458125,0.126708984375,5,4,0.0003443990523616473,277105.5416666667,0.0031332174936930337,0.040771484375,0.00013040201005025122,8.693467336683417e-05,0.004346733668341708,0.008693467336683415,220.61019419998047,53.33754249999765,167.23039390001213,18.56668507479317,0.0,4.019391059875488,6.91796875,24,512,256,256,0
127,3,random_joint_training,127,0.6331658291457286,4096,4,2524.3082726927328,-12.195897917851417,0.136962890625,8,5,0.002632535994052887,169085.34375,0.006288471321264903,0.06486002604166667,0.00012904522613065326,8.603015075376886e-05,0.004301507537688442,0.008603015075376884,218.59572750001098,52.847884199989494,165.697749199986,18.737786171963467,0.0,3.7752633094787598,6.91796875,24,512,256,256,0
128,3,random_joint_training,128,0.6381909547738693,4096,2,1643.8442059677664,-13.121846213593694,0.122314453125,6,4,2.0224057758847874e-05,293812.3333333333,0.0019974100093046823,0.028076171875,0.00012768844221105528,8.512562814070352e-05,0.004256281407035175,0.00851256281407035,216.7285988999938,48.120296100009,168.54877749999287,18.899213213158077,0.0,3.9047393798828125,6.91796875,24,512,256,256,0
129,3,random_joint_training,129,0.6432160804020101,4096,2,2618.636919296434,-15.257813919361315,0.14453125,9,3,0.0025729285553097725,268598.5,0.004666793160140514,0.044352213541666664,0.0001263316582914573,8.42211055276382e-05,0.004211055276381909,0.008422110552763817,212.7923196000047,46.645091299986234,166.09636319999117,19.248815031009745,0.0,3.735462188720703,6.91796875,24,512,256,256,0
130,3,random_joint_training,130,0.6482412060301508,4096,5,1537.0727123788702,-11.96600351868495,0.146728515625,7,4,0.0007585051159063975,205119.9375,0.0026868870481848717,0.032063802083333336,0.00012497487437185926,8.331658291457285e-05,0.004165829145728642,0.008331658291457284,199.3424522000132,44.264941100002034,155.03005920001306,20.54755499791995,35.0,3.3617749214172363,6.91796875,24,512,256,256,0
131,3,random_joint_training,131,0.6532663316582915,4096,3,1262.5267799990006,-12.665236920835522,0.115966796875,6,4,-0.0007085946078101794,190676.95833333334,0.002055192676683267,0.018229166666666668,0.00012361809045226128,8.241206030150752e-05,0.004120603015075376,0.008241206030150753,207.12193220001063,46.50752079999074,160.5531151999894,19.77579079382396,0.0,3.5034899711608887,6.91796875,24,512,256,256,0
132,3,random_joint_training,132,0.6582914572864321,4096,2,3751.1855144853757,-13.636869344268149,0.113037109375,7,3,0.001910632165769736,253544.625,0.0034915339201688766,0.032389322916666664,0.0001222613065326633,8.150753768844221e-05,0.0040753768844221105,0.008150753768844221,223.1906716999947,51.829501800006256,171.2924256999977,18.352021474740233,0.0,4.401401519775391,6.91796875,24,512,256,256,0
133,3,random_joint_training,133,0.6633165829145728,4096,5,2209.9671616367996,-13.923489199121109,0.126708984375,6,4,0.0017550125097235043,259592.45833333334,0.0036262565602858863,0.039143880208333336,0.00012090452261306531,8.060301507537689e-05,0.004030150753768844,0.008060301507537688,229.41574769999715,54.37384429998929,174.98746699999901,17.854048996480685,21.0,4.333304405212402,6.91796875,24,512,256,256,0
134,3,random_joint_training,134,0.6683417085427136,4096,3,1740.9645083378637,-14.971071589784286,0.1083984375,7,4,0.005159934672216575,328309.125,0.013542586316665014,0.093505859375,0.00011954773869346732,7.969849246231155e-05,0.003984924623115577,0.007969849246231155,235.03003210001043,56.418076500005554,178.5718707999913,17.427560058610137,25.0,4.40811014175415,6.91796875,24,512,256,256,0
135,3,random_joint_training,135,0.6733668341708543,4096,3,1826.0577819932778,-15.235692498072808,0.115966796875,7,4,0.002549337223172188,332039.4375,0.006178427487611771,0.0517578125,0.00011819095477386933,7.879396984924623e-05,0.003939698492462311,0.007879396984924621,221.48085720001836,53.523448899999494,167.90434070001356,18.493697612434833,25.0,4.233054161071777,6.91796875,24,512,256,256,0
136,3,random_joint_training,136,0.678391959798995,4096,4,2504.454540007607,-14.568933113739487,0.109619140625,5,4,0.005001119648416837,313131.0625,0.005865829065442085,0.06608072916666667,0.00011683417085427134,7.78894472361809e-05,0.003894472361809044,0.007788944723618088,223.95253399998182,52.82230289999279,171.06703010000638,18.289589882471848,0.0,4.187831878662109,6.91796875,24,512,256,256,0
137,3,random_joint_training,137,0.6834170854271356,4096,4,1461.9221277268218,-11.424358162018779,0.09326171875,6,5,0.003324181151886781,170378.67708333334,0.005892043312390645,0.046223958333333336,0.00011547738693467338,7.69849246231156e-05,0.003849246231155779,0.007698492462311558,234.71419879997848,53.92990300001111,180.73626820000936,17.451010722579156,0.0,4.642467498779297,6.91796875,24,512,256,256,0
138,3,random_joint_training,138,0.6884422110552764,4096,1,1472.1734522312433,-12.436475923267512,0.08837890625,4,4,0.0018142244468132656,290417.7291666667,0.002437559732546409,0.0322265625,0.00011412060301507536,7.608040201005024e-05,0.0038040201005025125,0.007608040201005025,221.52019030001247,51.480649200006155,169.9887567999831,18.490413873573534,0.0,4.0342607498168945,6.91796875,24,512,256,256,0
139,3,random_joint_training,139,0.6934673366834171,4096,1,3020.805692348142,-12.2451895313611,0.129150390625,7,5,0.007870443165302277,184856.54166666666,0.01228830466667811,0.089111328125,0.00011276381909547736,7.517587939698492e-05,0.003758793969849246,0.007517587939698492,230.13423799999873,55.25106319997576,174.83070160000352,17.798307785910684,20.0,4.428040504455566,6.91796875,24,512,256,256,0
140,3,random_joint_training,140,0.6984924623115578,4096,1,958.8696572340846,-11.930229256441379,0.089599609375,9,4,0.003056646635135015,189540.9375,0.01009585956732432,0.066650390625,0.00011140703517587937,7.427135678391958e-05,0.0037135678391959793,0.007427135678391959,245.50377569999546,58.795987499994226,186.65287059999537,16.684061124197513,0.0,4.691300868988037,6.91796875,24,512,256,256,0
141,3,random_joint_training,141,0.7035175879396985,4096,2,3959.3409111770707,-12.05597093782433,0.1240234375,5,4,0.0029387020816405616,201268.29166666666,0.015394534915685654,0.052734375,0.00011005025125628137,7.336683417085426e-05,0.0036683417085427127,0.007336683417085425,215.61926269999822,50.43710770001053,165.1202776999853,18.996447482055295,0.0,4.2912750244140625,6.91796875,24,512,256,256,0
142,3,random_joint_training,142,0.7085427135678392,4096,1,4505.073230722395,-12.391847356384854,0.10205078125,7,3,0.0009591322547445694,208084.66666666666,0.003368611137072245,0.020263671875,0.00010869346733668341,7.246231155778895e-05,0.003623115577889447,0.007246231155778894,227.5019089000125,52.12958110001637,175.32311029999983,18.004244534933548,15.0,4.256807327270508,6.91796875,24,512,256,256,0
143,3,random_joint_training,143,0.7135678391959799,4096,0,,-9.255999058716734,0.09326171875,9,4,0.0036965664476156235,129281.91666666667,0.004205026974280675,0.035400390625,0.00010733668341708542,7.155778894472363e-05,0.0035778894472361803,0.0071557788944723606,243.1991321000096,54.21185989998048,188.93052689998876,16.842165367249837,13.0,4.508069038391113,6.91796875,24,512,256,256,0
144,3,random_joint_training,144,0.7185929648241206,4096,0,,-14.953556888237447,0.0966796875,7,3,-9.105711554487546e-05,339265.6666666667,0.004433069999019305,0.021809895833333332,0.00010597989949748744,7.06532663316583e-05,0.0035326633165829137,0.007065326633165827,236.54731850000098,53.297100600000704,183.20205240001087,17.315774391245036,10.0,4.492100238800049,6.91796875,24,512,256,256,0
145,3,random_joint_training,145,0.7236180904522613,4096,0,,-8.93188733112145,0.05126953125,7,4,-9.893377621968587e-05,115359.71875,0.0013097655028104782,0.011067708333333334,0.00010462311557788944,6.974874371859297e-05,0.003487437185929648,0.006974874371859296,235.77386100002332,53.855488599976525,181.86219080002047,17.37257888820676,0.0,4.496946334838867,6.91796875,24,512,256,256,0
146,3,random_joint_training,146,0.7286432160804021,4096,0,,-15.187595131552717,0.133544921875,6,4,0.0009346026927232742,285555.25,0.0036440122251709304,0.031168619791666668,0.00010326633165829144,6.884422110552764e-05,0.0034422110552763813,0.0068844221105527625,228.74051579998923,54.146665799984476,174.52737730002264,17.90675336057012,0.0,4.240443229675293,6.91796875,24,512,256,256,0
147,3,random_joint_training,147,0.7336683417085427,4096,4,1567.2037239126932,-12.108981235689942,0.119384765625,6,4,0.0008498498549064001,183331.72916666666,0.0012016218000402052,0.019775390625,0.00010190954773869345,6.793969849246232e-05,0.0033969849246231155,0.006793969849246231,217.61725410001236,51.20884580002166,166.35123369999928,18.8220369609,20.0,4.161171913146973,6.91796875,24,512,256,256,0
148,3,random_joint_training,148,0.7386934673366834,4096,1,1513.6295558145343,-8.903014370917042,0.095703125,7,5,0.0011140496159593265,89951.92708333333,0.0016821192887922127,0.016927083333333332,0.00010055276381909547,6.703517587939698e-05,0.003351758793969849,0.006703517587939698,220.73700549997739,50.8583075000206,169.80658750000293,18.556018691666175,0.0,4.335299968719482,6.91796875,24,512,256,256,0
149,3,random_joint_training,149,0.7437185929648241,4096,4,1801.3213145943537,-12.357636617809437,0.128173828125,8,4,0.012226945410172144,209079.875,0.04988303780555725,0.11507161458333333,9.919597989949747e-05,6.613065326633166e-05,0.0033065326633165823,0.0066130653266331645,219.02282760001253,51.72215299998061,167.25511640001787,18.701247011020534,15.0,4.25595760345459,6.91796875,24,512,256,256,0
150,3,random_joint_training,150,0.7487437185929648,4096,1,1471.7992138493373,-9.448863173405098,0.093505859375,6,4,0.00938752293586731,129397.22916666667,0.03676362087329229,0.06632486979166667,9.783919597989947e-05,6.522613065326632e-05,0.0032613065326633156,0.006522613065326631,243.58077860000776,56.16413089999696,187.36925660000998,16.815776776566512,0.0,4.76861572265625,6.91796875,24,512,256,256,0
151,3,random_joint_training,151,0.7537688442211056,4096,11,2467.1871422784593,-13.96935966643302,0.107421875,7,3,0.008018874252835909,213566.54166666666,0.04522452255090078,0.08821614583333333,9.648241206030148e-05,6.4321608040201e-05,0.003216080402010049,0.006432160804020098,233.74736960002338,58.05056550001609,175.649727800017,17.523191841725822,19.0,4.414597988128662,6.91796875,24,512,256,256,0
152,3,random_joint_training,152,0.7587939698492462,4096,2,2915.930019318512,-12.491075912962597,0.09619140625,5,5,0.00042932740567872923,208358.375,0.00012165004348692794,0.004720052083333333,9.512562814070352e-05,6.34170854271357e-05,0.003170854271356784,0.006341708542713568,227.3769102000224,52.187298000004375,175.13364859999274,18.014142229291302,0.0,4.0810112953186035,6.91796875,24,512,256,256,0
153,3,random_joint_training,153,0.7638190954773869,4096,4,2030.880194657339,-11.034304455230325,0.117919921875,5,3,0.0008185630043347677,194971.77083333334,0.0010568998598804076,0.017903645833333332,9.376884422110553e-05,6.251256281407036e-05,0.0031256281407035175,0.006251256281407035,219.9208767999953,50.45672780001769,169.4074835999927,18.624880273304218,0.0,3.821661949157715,6.91796875,24,512,256,256,0
154,3,random_joint_training,154,0.7688442211055276,4096,4,2729.079249325814,-9.767360717386952,0.109619140625,5,3,-0.0012165062750379245,152998.45833333334,0.0015960711364944775,0.004475911458333333,9.241206030150754e-05,6.160804020100504e-05,0.003080402010050251,0.006160804020100502,245.73165599998902,59.555827700009104,186.1193978000083,16.668589088905108,0.0,4.671560764312744,6.91796875,24,512,256,256,0
155,3,random_joint_training,155,0.7738693467336684,4096,2,1754.1347268293994,-12.971873137905735,0.101806640625,7,4,0.00033465508992473286,202581.375,0.004319780816634496,0.040852864583333336,9.105527638190952e-05,6.070351758793968e-05,0.0030351758793969843,0.0060703517587939685,222.45380990000558,52.168573800008744,170.22558290002053,18.412811189168565,0.0,4.283707141876221,6.91796875,24,512,256,256,0
156,3,random_joint_training,156,0.7788944723618091,4096,3,2210.661816571879,-16.468599515311958,0.135009765625,5,3,0.0011278501090904076,335938.0416666667,0.0015463425467411678,0.007242838541666667,8.969849246231152e-05,5.9798994974874354e-05,0.0029899497487437176,0.005979899497487435,215.83817100001033,49.382334699999774,166.41550989999087,18.977180824979303,5.0,3.90354061126709,6.91796875,24,512,256,256,0
157,3,random_joint_training,157,0.7839195979899497,4096,5,3801.5579933326253,-15.922920033432634,0.149658203125,6,3,0.0005755787715315819,358069.5416666667,0.0030196454996864,0.012939453125,8.834170854271357e-05,5.889447236180905e-05,0.002944723618090452,0.005889447236180904,212.74387590002152,47.71698509997805,164.98554359999252,19.25319815986104,0.0,3.3976030349731445,6.91796875,24,512,256,256,0
158,3,random_joint_training,158,0.7889447236180904,4096,2,1108.9604767677124,-11.003345852584836,0.116455078125,6,5,0.00022697681561112404,190862.79166666666,0.00021711319762592515,0.00341796875,8.698492462311557e-05,5.7989949748743724e-05,0.0028994974874371852,0.0057989949748743705,239.31118920000154,55.1376142000081,184.10549740001443,17.115789753469553,0.0,4.148687839508057,6.91796875,24,512,256,256,0
159,3,random_joint_training,159,0.7939698492462312,4096,3,1619.3307430883194,-15.205510618193644,0.124267578125,6,4,-0.00034155952744185925,343268.8333333333,0.0004937731040020784,0.0018717447916666667,8.562814070351758e-05,5.7085427135678396e-05,0.0028542713567839186,0.005708542713567837,260.19332869999926,67.90100350001012,192.23754589998862,15.742140739982823,23.0,4.465087413787842,6.91796875,24,512,256,256,0
160,3,random_joint_training,160,0.7989949748743719,4096,5,2288.9810849468086,-14.291308107846106,0.12744140625,4,3,-7.60656160612901e-05,323686.4583333333,3.546974039636552e-05,0.0016276041666666667,8.427135678391958e-05,5.618090452261307e-05,0.002809045226130653,0.005618090452261306,238.72918369999388,52.567959300009534,186.10254059999716,17.157516883848437,0.0,4.228052139282227,6.91796875,24,512,256,256,0
161,3,random_joint_training,161,0.8040201005025126,4096,3,1476.3183628412173,-13.228941868450677,0.119873046875,8,4,0.0017561555529634159,276650.8125,0.0006279677618294954,0.011800130208333334,8.29145728643216e-05,5.527638190954774e-05,0.0027638190954773862,0.0055276381909547725,260.24972279998474,67.99335710000014,192.17907630000263,15.738729539965682,0.0,4.803500175476074,6.91796875,24,512,256,256,0
162,3,random_joint_training,162,0.8090452261306532,4096,0,,-10.536214547769802,0.091796875,6,5,-0.0002912521983186404,204550.20833333334,0.00015180218421543637,0.0021158854166666665,8.155778894472363e-05,5.437185929648243e-05,0.0027185929648241205,0.005437185929648241,245.19753769997624,60.41579249998904,184.70904730001348,16.70489858267609,0.0,4.474844455718994,6.91796875,24,512,256,256,0
163,3,random_joint_training,163,0.8140703517587939,4096,2,2595.9215237420635,-16.08552987880838,0.147705078125,5,4,0.0009507030869523684,372367.5833333333,0.0014932341873645782,0.015380859375,8.02010050251256e-05,5.346733668341708e-05,0.002673366834170854,0.005346733668341708,232.37964150001062,57.752558300009696,174.5609813000192,17.626328939834487,0.0,4.3288960456848145,6.91796875,24,512,256,256,0
164,3,random_joint_training,164,0.8190954773869347,4096,2,4501.758363614828,-12.75234773912294,0.1259765625,7,5,8.927565068006516e-05,237431.47916666666,0.0002841097884811461,0.011555989583333334,7.884422110552761e-05,5.2562814070351754e-05,0.0026281407035175872,0.0052562814070351745,241.9636776999978,56.832136899989564,185.0730016999878,16.92816061871272,0.0,4.617030143737793,6.91796875,24,512,256,256,0
165,3,random_joint_training,165,0.8241206030150754,4096,4,2842.982700373827,-16.567866272744983,0.134765625,6,4,0.00023787251363197962,463502.25,0.0032435196141401925,0.019287109375,7.748743718592963e-05,5.1658291457286425e-05,0.0025829145728643206,0.005165829145728641,213.3658868999919,47.74428780001472,165.5715675999818,19.197070626008095,0.0,3.6183767318725586,6.91796875,24,512,256,256,0
166,3,random_joint_training,166,0.8291457286432161,4096,1,1106.2916341896375,-12.116554075214726,0.124755859375,5,3,7.772383590539296e-05,189272.45833333334,0.0003402194706723094,0.004801432291666667,7.613065326633163e-05,5.07537688442211e-05,0.002537688442211054,0.005075376884422108,232.96743299998343,54.03566890000366,178.87043929999345,17.581856602250028,0.0,4.800912380218506,6.91796875,24,512,256,256,0
167,3,random_joint_training,167,0.8341708542713567,4096,4,2991.1770474905125,-19.096619701142693,0.150390625,5,4,0.00017163250595331192,505766.0833333333,0.002216083463281393,0.021158854166666668,7.477386934673368e-05,4.984924623115579e-05,0.002492462311557789,0.004984924623115578,233.84112040000036,56.08358129998669,177.69709209998837,17.516166502253867,0.0,4.466826915740967,6.91796875,24,512,256,256,0
168,3,random_joint_training,168,0.8391959798994975,4096,3,2317.672805146426,-12.946216285658686,0.14501953125,6,4,5.937491854031881e-05,259414.6875,0.0009218341826150814,0.004638671875,7.341708542713568e-05,4.894472361809046e-05,0.0024472361809045225,0.004894472361809045,209.1277786999999,48.32666180000524,160.73123350000242,19.586111541288044,5.0,3.438687801361084,6.91796875,24,512,256,256,0
169,3,random_joint_training,169,0.8442211055276382,4096,0,,-10.582677167619615,0.10205078125,7,4,0.0002247254985074202,152833.97916666666,-0.00035584749033053714,0.004720052083333333,7.206030150753768e-05,4.804020100502513e-05,0.002402010050251256,0.004804020100502512,235.1590271999885,53.55157159999362,181.55664170000819,17.41800027313687,0.0,4.2484965324401855,6.91796875,24,512,256,256,0
170,3,random_joint_training,170,0.8492462311557789,4096,3,2322.352133172177,-9.077209598216895,0.095458984375,6,4,-0.00013100976745287576,111227.57291666667,0.000580610940232873,0.0005696614583333334,7.07035175879397e-05,4.7135678391959804e-05,0.0023567839195979892,0.0047135678391959784,245.89251870001317,54.604111199994804,191.22874890000094,16.657684510512034,0.0,4.3929219245910645,6.91796875,24,512,256,256,0
171,3,random_joint_training,171,0.8542713567839196,4096,3,1003.8428129468247,-17.784967640568308,0.167236328125,6,3,0.00024107564240694046,398569.3333333333,0.0005725315228725473,0.008219401041666666,6.93467336683417e-05,4.6231155778894475e-05,0.0023115577889447226,0.004623115577889445,209.37060490000295,46.069694500009064,163.2430972000002,19.563395740086253,0.0,3.3842697143554688,6.91796875,24,512,256,256,0
172,3,random_joint_training,172,0.8592964824120602,4096,4,2080.5006920169567,-8.916332359346928,0.09619140625,6,4,6.425582493344943e-05,168664.13541666666,0.0011568147068222363,0.0028483072916666665,6.798994974874371e-05,4.532663316582915e-05,0.002266331658291457,0.004532663316582914,225.70694940001704,50.58564859998296,175.04247580000083,18.14742528259828,0.0,4.257274627685547,6.91796875,24,512,256,256,0
173,3,random_joint_training,173,0.864321608040201,4096,4,1887.5746425869818,-13.660994813044939,0.142333984375,5,5,0.00017759972251951694,249582.0625,0.00027665961533784866,0.0017903645833333333,6.663316582914571e-05,4.442211055276382e-05,0.00222110552763819,0.00444221105527638,204.61826220000512,45.71350829998846,158.84741550000035,20.017763595296028,0.0,3.5381274223327637,6.91796875,24,512,256,256,0
174,3,random_joint_training,174,0.8693467336683417,4096,1,5307.344540808372,-11.586533316724836,0.101806640625,5,4,0.00025983255666991073,204571.0625,0.0005729059145475427,0.000732421875,6.527638190954773e-05,4.351758793969849e-05,0.0021758793969849245,0.004351758793969849,232.45842049998464,55.45129719999386,176.96193109999876,17.62035546481858,0.0,4.198647975921631,6.91796875,24,512,256,256,0
175,3,random_joint_training,175,0.8743718592964824,4096,4,1729.1185062033712,-8.637372062110602,0.0888671875,8,7,7.984228432178497e-05,121515.92708333333,0.000500875369956096,0.0006510416666666666,6.391959798994974e-05,4.261306532663316e-05,0.002130653266331658,0.004261306532663316,254.506221299991,58.995462599996245,195.43590270000277,16.093909135415483,0.0,4.856222152709961,6.91796875,24,512,256,256,0
176,3,random_joint_training,176,0.8793969849246231,4096,2,2743.9364889545905,-12.375627005146544,0.09716796875,6,5,1.6490618387858074e-05,194827.77083333334,0.0001090647322901835,0.0016276041666666667,6.256281407035174e-05,4.170854271356783e-05,0.002085427135678391,0.004170854271356782,229.83235870001954,55.467234400013695,174.3173999999999,17.821685437019585,0.0,4.1743083000183105,6.91796875,24,512,256,256,0
177,3,random_joint_training,177,0.8844221105527639,4096,5,1943.822309890754,-12.490335081673294,0.149658203125,7,3,5.354794363180796e-05,233512.16666666666,-0.00026622173997263115,0.00146484375,6.120603015075374e-05,4.0804020100502505e-05,0.0020402010050251246,0.004080402010050249,217.95384800000465,49.093852099991636,168.81420389999403,18.792969418002258,0.0,3.6249303817749023,6.91796875,24,512,256,256,0
178,3,random_joint_training,178,0.8894472361809045,4096,5,2164.913241975259,-14.24791501786079,0.14404296875,8,6,0.00039677694439888,243728.20833333334,0.00045310558440784615,0.0010579427083333333,5.984924623115579e-05,3.9899497487437197e-05,0.0019949748743718597,0.003989949748743719,208.77514660000452,46.69275139999809,162.01732730001095,19.61919350413672,0.0,3.769735336303711,6.91796875,24,512,256,256,0
179,3,random_joint_training,179,0.8944723618090452,4096,3,2941.9792176007213,-11.184519706458996,0.091064453125,6,6,3.856164403259754e-05,184327.1875,1.4405680606917789e-05,0.0,5.84924623115578e-05,3.899497487437187e-05,0.001949748743718593,0.003899497487437186,237.74525750000612,53.35361140000168,184.33037609999883,17.228524526929395,0.0,4.32887077331543,6.91796875,24,512,256,256,0
180,3,random_joint_training,180,0.8994974874371859,4096,5,2083.275021860221,-13.420242962504016,0.1279296875,7,5,-0.0002174828356752793,298869.9166666667,-2.4342123651877046e-05,0.0,5.713567839195977e-05,3.809045226130652e-05,0.0019045226130653264,0.003809045226130653,231.9312449999852,51.0985710999812,180.7744692999986,17.660406212195607,0.0,4.209077835083008,6.91796875,24,512,256,256,0
181,3,random_joint_training,181,0.9045226130653267,4096,5,2589.8694583195897,-11.368835812508028,0.126220703125,8,4,9.967278068264325e-05,198834.625,2.8009521580922108e-05,0.0008138020833333334,5.577889447236178e-05,3.718592964824119e-05,0.0018592964824120598,0.0037185929648241196,230.13883030001307,50.5496381999983,179.51831359998323,17.797952629985915,0.0,4.286098957061768,6.91796875,24,512,256,256,0
182,3,random_joint_training,182,0.9095477386934674,4096,2,826.694195530139,-13.318681690768656,0.09521484375,7,4,-0.00034669724603494007,286798.1875,0.000500907034923633,0.004069010416666667,5.4422110552763784e-05,3.628140703517586e-05,0.0018140703517587932,0.0036281407035175864,242.21193259998108,54.79969230000279,187.3605685000075,16.91081011588576,0.0,4.440096855163574,6.91796875,24,512,256,256,0
183,3,random_joint_training,183,0.914572864321608,4096,2,2838.7771174101745,-15.089239878150632,0.140869140625,6,6,0.0003123340817789237,317455.3333333333,0.0016935121578474839,0.0078125,5.306532663316583e-05,3.5376884422110554e-05,0.0017688442211055266,0.003537688442211053,216.7998462000105,46.43749569999636,170.30295770001248,18.893002332765498,22.0,3.6134872436523438,6.91796875,24,512,256,256,0
184,3,random_joint_training,184,0.9195979899497487,4096,5,2137.258373421007,-14.934495457964678,0.146240234375,8,4,-0.0003192075140153368,314715.8125,1.9581673162368436e-05,0.0025227864583333335,5.170854271356783e-05,3.4472361809045226e-05,0.00172361809045226,0.00344723618090452,218.54588930000318,52.149263500003144,166.34696690001874,18.74205922206719,0.0,3.663985252380371,6.91796875,24,512,256,256,0
185,3,random_joint_training,185,0.9246231155778895,4096,2,976.5982178201898,-11.95254837544226,0.11962890625,6,4,-0.000464100856333971,181522.0625,0.0004219628560046355,0.0013834635416666667,5.035175879396984e-05,3.35678391959799e-05,0.0016783919597989933,0.0033567839195979866,215.50771170001826,49.2683643999917,166.1859056999965,19.006280414231938,0.0,3.6828322410583496,6.91796875,24,512,256,256,0
186,3,random_joint_training,186,0.9296482412060302,4096,3,2290.446072090763,-10.763591266139246,0.111572265625,7,4,-0.0003176974132657051,239931.97916666666,0.00046227794761459035,0.0029296875,4.8994974874371854e-05,3.266331658291457e-05,0.0016331658291457284,0.003266331658291457,228.9072796999826,53.805252799997106,175.0339563000016,17.893707903778438,0.0,4.180404186248779,6.91796875,24,512,256,256,0
187,3,random_joint_training,187,0.9346733668341709,4096,2,1423.9965103175896,-9.76443599817027,0.11279296875,6,4,0.00019573078801234564,169538.85416666666,0.0008292176450292269,0.012939453125,4.763819095477386e-05,3.175879396984924e-05,0.0015879396984924618,0.0031758793969849236,229.05362610000884,52.302427199989324,176.6917606999923,17.88227529832518,0.0,4.225681781768799,6.91796875,24,512,256,256,0
188,3,random_joint_training,188,0.9396984924623115,4096,2,2124.6430271859745,-16.022840655871818,0.142822265625,8,3,8.814580117662747e-05,381215.125,4.9880710624468826e-05,8.138020833333333e-05,4.628140703517587e-05,3.085427135678391e-05,0.0015427135678391952,0.0030854271356783904,213.38296659998014,51.22700760001317,162.09872100001667,19.195534045032726,13.0,3.4012207984924316,6.91796875,24,512,256,256,0
189,3,random_joint_training,189,0.9447236180904522,4096,1,2038.4803029116874,-11.318665247645693,0.122802734375,7,6,0.001407055805126826,187976.25,0.0017497817364831765,0.005696614583333333,4.492462311557787e-05,2.9949748743718587e-05,0.0014974874371859286,0.002994974874371857,226.73977580000064,52.283278399991104,174.40854919998674,18.064761621767417,0.0,3.9986701011657715,6.91796875,24,512,256,256,0
190,3,random_joint_training,190,0.949748743718593,4096,0,,-13.406961423146722,0.125732421875,6,5,-0.0017016354637841384,266738.1458333333,0.0004424103923762838,0.009033203125,4.356783919597988e-05,2.904522613065326e-05,0.001452261306532662,0.002904522613065324,220.8013617999968,50.750179099995876,169.99008260000846,18.550610225448615,0.0,3.885178565979004,6.91796875,24,512,256,256,0
191,3,random_joint_training,191,0.9547738693467337,4096,4,1878.371202617865,-12.695832329779922,0.112060546875,5,3,-0.0001499289646744728,194579.04166666666,0.0010362306299308937,0.007731119791666667,4.221105527638189e-05,2.814070351758793e-05,0.0014070351758793953,0.0028140703517587906,222.72996539997985,50.1520337999973,172.51381979999132,18.389981755011625,0.0,3.6785106658935547,6.91796875,24,512,256,256,0
192,3,random_joint_training,192,0.9597989949748744,4096,1,1634.478820893169,-9.76325084995716,0.089599609375,7,4,-0.0002604313970853885,155374.44791666666,-7.351140569274624e-05,0.0030924479166666665,4.08542713567839e-05,2.7236180904522602e-05,0.0013618090452261287,0.0027236180904522574,250.33193559999927,58.317765900021186,191.94348610000452,16.362275113571293,0.0,4.501287937164307,6.91796875,24,512,256,256,0
193,3,random_joint_training,193,0.964824120603015,4096,2,1951.3217550813206,-13.416650142522863,0.10498046875,5,3,-0.00012590045419832072,324732.5833333333,0.0001112444733735174,0.0021158854166666665,3.9497487437185936e-05,2.6331658291457294e-05,0.0013165829145728638,0.0026331658291457276,235.83338170000934,55.51777919998858,180.2526199000131,17.36819431784384,0.0,4.098806381225586,6.91796875,24,512,256,256,0
194,3,random_joint_training,194,0.9698492462311558,4096,3,1588.6874027792244,-11.546848407452572,0.102294921875,6,4,2.388213761150837e-05,290516.0208333333,0.00018788631617402038,0.00016276041666666666,3.8140703517587946e-05,2.5427135678391965e-05,0.0012713567839195972,0.0025427135678391943,244.19467049997183,59.20626760000596,184.92747860000236,16.77350284350482,5.0,4.595250129699707,6.91796875,24,512,256,256,0
195,3,random_joint_training,195,0.9748743718592965,4096,4,1588.206923160547,-12.463041046130483,0.135986328125,5,3,0.0002956688404083252,212280.9375,0.0005872717204814156,0.00048828125,3.678391959798995e-05,2.4522613065326637e-05,0.0012261306532663305,0.002452261306532661,211.95582910001394,47.10201230001985,164.7986191000091,19.324781098930064,0.0,3.3207173347473145,6.91796875,24,512,256,256,0
196,3,random_joint_training,196,0.9798994974874372,4096,2,2294.726542867254,-9.63052691125702,0.1064453125,9,4,-0.000269727548584342,127058.80208333333,4.615966463461518e-05,0.0015462239583333333,3.542713567839196e-05,2.361809045226131e-05,0.001180904522613064,0.002361809045226128,256.221693200001,59.872609800018836,196.2983900999825,15.986156163610833,0.0,5.133153915405273,6.91796875,24,512,256,256,0
197,3,random_joint_training,197,0.9849246231155779,4096,4,1950.7155895530648,-14.426391774993505,0.151123046875,6,4,0.00046132442851861316,288698.7916666667,0.0032232990488409996,0.01513671875,3.407035175879393e-05,2.271356783919596e-05,0.0011356783919597973,0.0022713567839195946,226.14353970001685,53.16412249999121,172.92345510001178,18.11239005736539,0.0,3.9458699226379395,6.91796875,24,512,256,256,0
198,3,random_joint_training,198,0.9899497487437185,4096,4,2370.169290391348,-12.684807213085769,0.11669921875,6,4,-0.0001343004017447432,205363.625,-0.00011682444407294194,0.000244140625,3.2713567839195976e-05,2.1809045226130652e-05,0.0010904522613065324,0.002180904522613065,236.85654379997868,54.00994969997555,182.79721310001332,17.293167983819785,20.0,4.441099166870117,6.91796875,24,512,256,256,0
199,3,random_joint_training,199,0.9949748743718593,4096,2,4088.9211272200682,-12.347345952879026,0.130126953125,6,5,-0.0005896817892789841,197551.10416666666,0.00013556923173988858,0.00146484375,3.135678391959798e-05,2.0904522613065323e-05,0.0010452261306532658,0.0020904522613065316,203.34022710000863,45.763597599987406,157.51414620000287,20.143579351789885,0.0,3.4083523750305176,6.91796875,24,512,256,256,0
200,3,random_joint_training,200,1.0,4096,1,2794.6563527619624,-11.553358829603095,0.118408203125,6,4,9.67574305832386e-06,195644.8125,1.34255678858608e-05,0.0,2.999999999999999e-05,1.9999999999999995e-05,0.0009999999999999992,0.0019999999999999983,232.77846959998715,54.18539990001591,178.54904169999645,17.596129088049587,0.0,4.6794819831848145,6.91796875,24,512,256,256,0
