variant,instance_id,method,run_id,tier,scale,parameter_case_id,S,M,J,H,R,V,scenario,rho,target_load_ratio,due_tightness,relocation_multiplier,worker_skill_density,robot_capability_density,twt,obj_ref,optimality_gap,feasible,tardy_ratio,mean_flow_time,reconfiguration_count,mean_resources_moved_per_reconfiguration,worker_relocation_time,robot_relocation_time,mean_stage_load_capacity_cv,mode_h_fraction,mode_r_fraction,mode_hr_fraction,mean_decision_time_ms,p95_decision_time_ms,decisions,wall_time_seconds,reward_identity_error,failure_reason,status
full,test_L_12_08_06_90_D5_rho080_medium_000,EGDM-HGPPO,full_seed0,main,L,L_12_08_06_90,8,12,90,8,6,6,D5,0.8,0.8,medium,1.0,0.75,0.5,76675.9370713193,,,True,0.8555555555555555,621.5095914984295,131,2.8244274809160306,970.1960297822952,630.2176216840744,0.39533883036229567,0.4764705882352941,0.23088235294117648,0.2926470588235294,85.36656030143492,142.8137200011405,1139,123.09731508322115,2.9103830456733704e-11,,ok
full,test_L_18_08_10_160_D1_rho095_loose_000,EGDM-HGPPO,full_seed0,main,L,L_18_08_10_160,8,18,160,12,10,8,D1,0.95,0.95,loose,1.0,0.9,0.8,200947.04048562323,,,True,0.74375,935.8961776720689,228,7.942982456140351,5593.755366683006,3721.8155571222305,0.5773676391008078,0.39112227805695143,0.1968174204355109,0.4120603015075377,141.91163106310893,281.4507949951803,3164,583.4560429828194,5.820766091346741e-11,,ok
full,test_M_08_06_04_40_D3_rho095_loose_000,EGDM-HGPPO,full_seed0,main,M,M_08_06_04_40,6,8,40,5,4,4,D3,0.95,0.95,loose,1.0,0.75,0.65,7620.297402391054,,,True,0.675,227.0465484076869,6,1.0,19.263441801071167,9.82389235496521,0.5933234325027561,0.357487922705314,0.4492753623188406,0.1932367149758454,44.21303691909476,53.98738000076264,251,12.901529666507846,5.4569682106375694e-12,,ok
full,test_M_12_06_07_80_D4_rho065_tight_000,EGDM-HGPPO,full_seed0,main,M,M_12_06_07_80,6,12,80,8,7,5,D4,0.65,0.65,tight,1.0,0.6,0.5,32961.81295379045,,,True,0.9875,368.71623983136817,83,4.120481927710843,720.5403187274933,545.0711441040039,0.4874958152455442,0.4219114219114219,0.30536130536130535,0.2727272727272727,73.49369974509847,111.05786999881578,850,74.40536918371038,7.275957614183426e-12,,ok
full,test_S_06_04_02_20_D1_rho065_tight_000,EGDM-HGPPO,full_seed0,main,S,S_06_04_02_20,4,6,20,3,2,3,D1,0.65,0.65,tight,1.0,0.75,0.65,1044.8082522152338,10988.051670550054,-0.9049141482456341,True,0.8,105.47573822597137,20,0.5,26.092312693595886,24.46734380722046,0.872849313044312,0.6111111111111112,0.3333333333333333,0.05555555555555555,41.10097194737109,39.74431666574674,101,4.55202256672783,2.2737367544323206e-13,,ok
full,test_S_07_04_04_35_D2_rho080_medium_000,EGDM-HGPPO,full_seed0,main,S,S_07_04_04_35,4,7,35,5,4,3,D2,0.8,0.8,medium,1.0,0.9,0.8,7942.4157664934855,,,True,0.6857142857142857,242.5483558303865,50,1.88,245.3224437236786,153.55994951725006,0.2994883539011845,0.4318181818181818,0.32575757575757575,0.24242424242424243,44.72437891035392,58.87547374804851,260,13.197616216583262,2.7284841053187847e-12,,ok
without_event_gate,test_L_12_08_06_90_D5_rho080_medium_000,Ablation-without_event_gate,ablation_without_event_gate_seed0,main,L,L_12_08_06_90,8,12,90,8,6,6,D5,0.8,0.8,medium,1.0,0.75,0.5,81844.59828831571,,,True,0.9888888888888889,720.375099875467,285,2.2771929824561403,1718.9281313419342,962.8209130764008,0.3321963543300904,0.6,0.23088235294117648,0.16911764705882354,75.0071333167748,117.01729499764039,1418,132.9264845434888,1.3096723705530167e-10,,ok
without_event_gate,test_L_18_08_10_160_D1_rho095_loose_000,Ablation-without_event_gate,ablation_without_event_gate_seed0,main,L,L_18_08_10_160,8,18,160,12,10,8,D1,0.95,0.95,loose,1.0,0.9,0.8,314824.9557381868,,,True,0.9125,1333.621827972278,515,5.287378640776699,6939.776484251022,6293.888395190239,0.6695008758707767,0.5695142378559463,0.2018425460636516,0.228643216080402,120.7450775130155,292.6078999953461,4076,630.2239914437894,1.2223608791828156e-09,,ok
without_event_gate,test_M_08_06_04_40_D3_rho095_loose_000,Ablation-without_event_gate,ablation_without_event_gate_seed0,main,M,M_08_06_04_40,6,8,40,5,4,4,D3,0.95,0.95,loose,1.0,0.75,0.65,15168.895293337753,,,True,0.875,378.6957251296689,113,1.2566371681415929,391.16693103313446,290.121010184288,0.7631620959253963,0.5120772946859904,0.3188405797101449,0.16908212560386474,48.379605094456224,75.96200249936369,388,21.59347757683596,3.637978807091713e-12,,ok
without_event_gate,test_M_12_06_07_80_D4_rho065_tight_000,Ablation-without_event_gate,ablation_without_event_gate_seed0,main,M,M_12_06_07_80,6,12,80,8,7,5,D4,0.65,0.65,tight,1.0,0.6,0.5,36508.1491245055,,,True,1.0,388.15781922137006,186,3.2580645161290325,1273.4397008419037,1094.3699518442154,0.6578892781608194,0.4731934731934732,0.3123543123543124,0.21445221445221446,69.25447176233273,104.86430500047086,1114,92.41722814306632,6.548361852765083e-11,,ok
without_event_gate,test_S_06_04_02_20_D1_rho065_tight_000,Ablation-without_event_gate,ablation_without_event_gate_seed0,main,S,S_06_04_02_20,4,6,20,3,2,3,D1,0.65,0.65,tight,1.0,0.75,0.65,1179.2174591293938,10988.051670550054,-0.8926818425608694,True,0.8,110.95057340826928,50,0.5,0.0,149.85737419128418,0.8647332271111423,0.6666666666666666,0.2777777777777778,0.05555555555555555,39.31003678148066,66.6611749996567,116,4.993323066652617,0.0,,ok
without_event_gate,test_S_07_04_04_35_D2_rho080_medium_000,Ablation-without_event_gate,ablation_without_event_gate_seed0,main,S,S_07_04_04_35,4,7,35,5,4,3,D2,0.8,0.8,medium,1.0,0.9,0.8,9486.672064541826,,,True,0.9428571428571428,275.7694356437647,82,1.3780487804878048,233.1695625782013,250.73838710784912,0.4502070154660919,0.48484848484848486,0.36363636363636365,0.15151515151515152,42.95986927115087,62.8824800015718,279,13.52171062656222,5.4569682106375694e-12,,ok
periodic_gate,test_L_12_08_06_90_D5_rho080_medium_000,Ablation-periodic_gate,ablation_periodic_gate_seed0,main,L,L_12_08_06_90,8,12,90,8,6,6,D5,0.8,0.8,medium,1.0,0.75,0.5,86686.58063451151,,,True,0.8666666666666667,619.2702321684691,190,1.9684210526315788,1055.0783467292786,724.9216207265854,0.5315486729953337,0.3558823529411765,0.2485294117647059,0.39558823529411763,61.20206310874092,101.00497500097842,1143,87.49242643321918,5.820766091346741e-11,,ok
periodic_gate,test_L_18_08_10_160_D1_rho095_loose_000,Ablation-periodic_gate,ablation_periodic_gate_seed0,main,L,L_18_08_10_160,8,18,160,12,10,8,D1,0.95,0.95,loose,1.0,0.9,0.8,172932.37176049274,,,True,0.79375,807.1846532501075,281,3.601423487544484,2676.726016521454,2500.4752575159073,0.5170720150241388,0.2185929648241206,0.23785594639865998,0.5435510887772195,112.43210513033608,243.98605999595006,2365,350.05526043308487,1.7462298274040222e-10,,ok
periodic_gate,test_M_08_06_04_40_D3_rho095_loose_000,Ablation-periodic_gate,ablation_periodic_gate_seed0,main,M,M_08_06_04_40,6,8,40,5,4,4,D3,0.95,0.95,loose,1.0,0.75,0.65,8025.322490952925,,,True,0.825,249.52286847374674,51,0.7058823529411765,108.70234620571136,43.00963306427002,0.6839903719089133,0.357487922705314,0.391304347826087,0.25120772946859904,34.80552417259609,48.954427501254635,282,11.45724461661254,2.7284841053187847e-12,,ok
periodic_gate,test_M_12_06_07_80_D4_rho065_tight_000,Ablation-periodic_gate,ablation_periodic_gate_seed0,main,M,M_12_06_07_80,6,12,80,8,7,5,D4,0.65,0.65,tight,1.0,0.6,0.5,25431.8795132676,,,True,1.0,294.3527228072206,118,3.152542372881356,975.56889128685,583.0685019493103,0.5702424594455144,0.331002331002331,0.26107226107226106,0.40792540792540793,53.30095759470086,80.3289783359408,880,54.9064951833468,7.275957614183426e-12,,ok
periodic_gate,test_S_06_04_02_20_D1_rho065_tight_000,Ablation-periodic_gate,ablation_periodic_gate_seed0,main,S,S_06_04_02_20,4,6,20,3,2,3,D1,0.65,0.65,tight,1.0,0.75,0.65,1079.68053927664,10988.051670550054,-0.9017404930693603,True,0.7,100.46277858815866,22,0.045454545454545456,0.0,6.182575225830078,0.5510662577074507,0.4583333333333333,0.2777777777777778,0.2638888888888889,29.759713224637483,47.344510833257424,92,3.0183494167310227,0.0,,ok
periodic_gate,test_S_07_04_04_35_D2_rho080_medium_000,Ablation-periodic_gate,ablation_periodic_gate_seed0,main,S,S_07_04_04_35,4,7,35,5,4,3,D2,0.8,0.8,medium,1.0,0.9,0.8,5813.849321901897,,,True,0.8571428571428571,190.54371412053493,45,1.6666666666666667,177.35965299606323,136.3596909046173,0.3538038839443096,0.32575757575757575,0.2727272727272727,0.4015151515151515,33.2010050484875,47.50874999929996,241,9.045889016575046,1.8189894035458565e-12,,ok
without_stage_nodes,test_L_12_08_06_90_D5_rho080_medium_000,Ablation-without_stage_nodes,ablation_without_stage_nodes_seed0,main,L,L_12_08_06_90,8,12,90,8,6,6,D5,0.8,0.8,medium,1.0,0.75,0.5,72593.73401440607,,,True,0.9333333333333333,623.5256102007263,221,2.6063348416289593,1840.6109479665756,832.9017016887665,0.47946905746080337,0.47352941176470587,0.25588235294117645,0.27058823529411763,69.38614847597815,104.99327750112569,1344,122.42763305173308,2.6193447411060333e-10,,ok
without_stage_nodes,test_L_18_08_10_160_D1_rho095_loose_000,Ablation-without_stage_nodes,ablation_without_stage_nodes_seed0,main,L,L_18_08_10_160,8,18,160,12,10,8,D1,0.95,0.95,loose,1.0,0.9,0.8,227485.33483654863,,,True,0.8125,964.7251416992898,376,6.86436170212766,8064.093065023422,5032.113903641701,0.583481130243107,0.3659966499162479,0.28224455611390287,0.35175879396984927,105.41499208960025,215.03391999576687,3925,560.9761115514574,3.2014213502407074e-10,,ok
without_stage_nodes,test_M_08_06_04_40_D3_rho095_loose_000,Ablation-without_stage_nodes,ablation_without_stage_nodes_seed0,main,M,M_08_06_04_40,6,8,40,5,4,4,D3,0.95,0.95,loose,1.0,0.75,0.65,7831.755708922223,,,True,0.675,230.9123564014289,3,1.0,12.084256172180176,7.238893032073975,0.5915099173245659,0.3671497584541063,0.4396135265700483,0.1932367149758454,36.05323042845036,48.43075199809391,249,10.794372776504309,9.094947017729282e-13,,ok
without_stage_nodes,test_M_12_06_07_80_D4_rho065_tight_000,Ablation-without_stage_nodes,ablation_without_stage_nodes_seed0,main,M,M_12_06_07_80,6,12,80,8,7,5,D4,0.65,0.65,tight,1.0,0.6,0.5,23798.271840714093,,,True,0.9875,300.6132787147952,107,3.196261682242991,767.6681748628616,672.3299820423126,0.4732619243726697,0.34265734265734266,0.2703962703962704,0.38694638694638694,59.63474086287871,93.02049833277124,848,62.18033555150933,1.4551915228366852e-11,,ok
without_stage_nodes,test_S_06_04_02_20_D1_rho065_tight_000,Ablation-without_stage_nodes,ablation_without_stage_nodes_seed0,main,S,S_06_04_02_20,4,6,20,3,2,3,D1,0.65,0.65,tight,1.0,0.75,0.65,861.08113161238,10988.051670550054,-0.9216347758975113,True,0.75,100.82376043037208,35,0.5714285714285714,43.300108551979065,21.814213752746582,0.8879702797344139,0.5555555555555556,0.3611111111111111,0.08333333333333333,30.184907357374662,34.48632499930682,111,3.777196716699108,0.0,,ok
without_stage_nodes,test_S_07_04_04_35_D2_rho080_medium_000,Ablation-without_stage_nodes,ablation_without_stage_nodes_seed0,main,S,S_07_04_04_35,4,7,35,5,4,3,D2,0.8,0.8,medium,1.0,0.9,0.8,7520.527101108992,,,True,0.7714285714285715,218.95707453176792,73,1.6986301369863013,235.47701001167297,296.82453525066376,0.39202773684057696,0.30303030303030304,0.3333333333333333,0.36363636363636365,38.31013845413038,54.452750000200474,290,12.856827751470696,9.094947017729282e-13,,ok
homogeneous_gat,test_L_12_08_06_90_D5_rho080_medium_000,Ablation-homogeneous_gat,ablation_homogeneous_gat_seed0,main,L,L_12_08_06_90,8,12,90,8,6,6,D5,0.8,0.8,medium,1.0,0.75,0.5,65357.24542005613,,,True,0.8555555555555555,607.3344838953084,0,0.0,0.0,0.0,0.4795143163638245,0.47058823529411764,0.18235294117647058,0.34705882352941175,57.471160851871616,89.80644666880832,769,61.89761309547174,7.275957614183426e-12,,ok
homogeneous_gat,test_L_18_08_10_160_D1_rho095_loose_000,Ablation-homogeneous_gat,ablation_homogeneous_gat_seed0,main,L,L_18_08_10_160,8,18,160,12,10,8,D1,0.95,0.95,loose,1.0,0.9,0.8,196804.34410897334,,,True,0.7875,921.9629320670047,0,0.0,0.0,0.0,0.6020412354538023,0.2814070351758794,0.211892797319933,0.5067001675041876,85.96114618989168,149.93494000227656,1353,166.60180749466522,5.820766091346741e-11,,ok
homogeneous_gat,test_M_08_06_04_40_D3_rho095_loose_000,Ablation-homogeneous_gat,ablation_homogeneous_gat_seed0,main,M,M_08_06_04_40,6,8,40,5,4,4,D3,0.95,0.95,loose,1.0,0.75,0.65,8158.271295874147,,,True,0.825,257.2313316873703,36,0.8055555555555556,44.34788930416107,77.50646114349365,0.5994354932145639,0.4251207729468599,0.3671497584541063,0.20772946859903382,36.14586964855676,48.57896599831293,275,11.982657353357837,4.547473508864641e-12,,ok
homogeneous_gat,test_M_12_06_07_80_D4_rho065_tight_000,Ablation-homogeneous_gat,ablation_homogeneous_gat_seed0,main,M,M_12_06_07_80,6,12,80,8,7,5,D4,0.65,0.65,tight,1.0,0.6,0.5,28853.65526081945,,,True,0.975,357.3408829137771,126,3.2777777777777777,692.9058966636658,925.2546206712723,0.4951730896673296,0.4592074592074592,0.3123543123543124,0.22843822843822845,63.299214652634305,100.21304999827407,921,70.87645739520961,1.8189894035458565e-11,,ok
homogeneous_gat,test_S_06_04_02_20_D1_rho065_tight_000,Ablation-homogeneous_gat,ablation_homogeneous_gat_seed0,main,S,S_06_04_02_20,4,6,20,3,2,3,D1,0.65,0.65,tight,1.0,0.75,0.65,1094.6806525012578,10988.051670550054,-0.9003753635928744,True,0.7,106.20154252595854,44,0.45454545454545453,0.0,118.56127071380615,0.8685700200699471,0.6388888888888888,0.3194444444444444,0.041666666666666664,29.484804804813027,35.41261666638699,111,3.709395633287688,2.2737367544323206e-13,,ok
homogeneous_gat,test_S_07_04_04_35_D2_rho080_medium_000,Ablation-homogeneous_gat,ablation_homogeneous_gat_seed0,main,S,S_07_04_04_35,4,7,35,5,4,3,D2,0.8,0.8,medium,1.0,0.9,0.8,5900.522232689962,,,True,0.6857142857142857,213.28957251929754,83,1.3373493975903614,216.56620800495148,296.33319211006165,0.375706840508251,0.36363636363636365,0.45454545454545453,0.18181818181818182,36.228442340629755,49.02405999950133,277,11.626569528373267,0.0,,ok
flat_reconfiguration,test_L_12_08_06_90_D5_rho080_medium_000,Ablation-flat_reconfiguration,ablation_flat_reconfiguration_seed0,main,L,L_12_08_06_90,8,12,90,8,6,6,D5,0.8,0.8,medium,1.0,0.75,0.5,nan,,,False,nan,nan,5136,0.0,0.0,0.0,nan,nan,nan,nan,169.55556446943507,259.378700000525,6001,1165.1023449806403,nan,exceeded max_episode_decisions=6000,ok
flat_reconfiguration,test_L_18_08_10_160_D1_rho095_loose_000,Ablation-flat_reconfiguration,ablation_flat_reconfiguration_seed0,main,L,L_18_08_10_160,8,18,160,12,10,8,D1,0.95,0.95,loose,1.0,0.9,0.8,590198.7734342592,,,True,0.9125,2831.8460968200898,665,1.7203007518796993,1446.795603275299,2658.4474687576294,0.5345504307059417,0.23115577889447236,0.24455611390284757,0.52428810720268,139.55367047708998,269.03486999945017,2497,448.7070478811536,1.0477378964424133e-09,,ok
flat_reconfiguration,test_M_08_06_04_40_D3_rho095_loose_000,Ablation-flat_reconfiguration,ablation_flat_reconfiguration_seed0,main,M,M_08_06_04_40,6,8,40,5,4,4,D3,0.95,0.95,loose,1.0,0.75,0.65,11505.42448012135,,,True,0.75,274.2631027550303,62,1.4516129032258065,209.41702699661255,228.25144267082214,0.5761780838393384,0.42995169082125606,0.5120772946859904,0.057971014492753624,48.77137727670641,68.25229125024634,336,18.890428065164684,1.8189894035458565e-12,,ok
flat_reconfiguration,test_M_12_06_07_80_D4_rho065_tight_000,Ablation-flat_reconfiguration,ablation_flat_reconfiguration_seed0,main,M,M_12_06_07_80,6,12,80,8,7,5,D4,0.65,0.65,tight,1.0,0.6,0.5,63315.27466035589,,,True,0.9875,577.8349727974155,216,1.8981481481481481,838.0168704986572,569.6190106868744,0.4240793065697539,0.43123543123543123,0.3006993006993007,0.2680652680652681,78.68706147230598,127.91223999690071,918,84.33100583125147,7.275957614183426e-12,,ok
flat_reconfiguration,test_S_06_04_02_20_D1_rho065_tight_000,Ablation-flat_reconfiguration,ablation_flat_reconfiguration_seed0,main,S,S_06_04_02_20,4,6,20,3,2,3,D1,0.65,0.65,tight,1.0,0.75,0.65,984.695362397629,10988.051670550054,-0.9103848988045088,True,0.8,98.38411324026434,19,0.3684210526315789,12.10093867778778,16.41465437412262,0.7351615872918343,0.5833333333333334,0.3055555555555556,0.1111111111111111,34.47667193855139,39.97956916646217,98,3.7807483501261836,2.2737367544323206e-13,,ok
flat_reconfiguration,test_S_07_04_04_35_D2_rho080_medium_000,Ablation-flat_reconfiguration,ablation_flat_reconfiguration_seed0,main,S,S_07_04_04_35,4,7,35,5,4,3,D2,0.8,0.8,medium,1.0,0.9,0.8,9401.178588382754,,,True,0.7142857142857143,229.0725185997323,49,0.6938775510204082,40.70431125164032,58.12002956867218,0.41975325629115107,0.3333333333333333,0.38636363636363635,0.2803030303030303,41.15587094996347,57.04303400110802,200,9.395906490305295,7.275957614183426e-12,,ok
sequential_dispatch,,,,,,,,,,,,,,,,,,,,,,,,,,,,,,,,,,,,,,,,missing_checkpoint
without_duration_aware_gae,test_L_12_08_06_90_D5_rho080_medium_000,Ablation-without_duration_aware_gae,ablation_without_duration_aware_gae_seed0,main,L,L_12_08_06_90,8,12,90,8,6,6,D5,0.8,0.8,medium,1.0,0.75,0.5,90626.4870636037,,,True,0.9555555555555556,659.8979296532775,222,3.328828828828829,2329.518936395645,845.4308714866638,0.47162571895724115,0.4441176470588235,0.2676470588235294,0.28823529411764703,81.68057469005666,136.84556249791058,1506,157.24414508275905,1.4551915228366852e-10,,ok
without_duration_aware_gae,test_L_18_08_10_160_D1_rho095_loose_000,Ablation-without_duration_aware_gae,ablation_without_duration_aware_gae_seed0,main,L,L_18_08_10_160,8,18,160,12,10,8,D1,0.95,0.95,loose,1.0,0.9,0.8,202876.1847197365,,,True,0.8625,905.179522661744,429,7.368298368298368,11715.535062670708,5482.631880044937,0.5746046724521315,0.30569514237855944,0.2897822445561139,0.4045226130653266,123.01712138998339,258.81859999572043,4506,729.9264004842971,8.731149137020111e-11,,ok
without_duration_aware_gae,test_M_08_06_04_40_D3_rho095_loose_000,Ablation-without_duration_aware_gae,ablation_without_duration_aware_gae_seed0,main,M,M_08_06_04_40,6,8,40,5,4,4,D3,0.95,0.95,loose,1.0,0.75,0.65,8420.107562417768,,,True,0.825,243.32757969264748,58,0.9655172413793104,236.74710893630981,82.1052737236023,0.6348695648673749,0.3961352657004831,0.33816425120772947,0.26570048309178745,43.536874999995185,59.11386124917044,302,15.538392949813472,3.637978807091713e-12,,ok
without_duration_aware_gae,test_M_12_06_07_80_D4_rho065_tight_000,Ablation-without_duration_aware_gae,ablation_without_duration_aware_gae_seed0,main,M,M_12_06_07_80,6,12,80,8,7,5,D4,0.65,0.65,tight,1.0,0.6,0.5,35459.35257334692,,,True,0.9875,349.8261181282515,134,4.141791044776119,1309.6289125680923,997.3704137802124,0.5580625737140361,0.43123543123543123,0.2400932400932401,0.32867132867132864,69.61462618593936,100.4942333335445,1061,88.66566858350234,7.275957614183426e-12,,ok
without_duration_aware_gae,test_S_06_04_02_20_D1_rho065_tight_000,Ablation-without_duration_aware_gae,ablation_without_duration_aware_gae_seed0,main,S,S_06_04_02_20,4,6,20,3,2,3,D1,0.65,0.65,tight,1.0,0.75,0.65,1061.2622813616251,10988.051670550054,-0.9034167008691816,True,0.7,97.73905562740934,30,0.5666666666666667,0.0,101.96577453613281,0.9692625665554294,0.7083333333333334,0.2777777777777778,0.013888888888888888,33.1902124999482,38.958081665987265,108,4.005182350030131,0.0,,ok
without_duration_aware_gae,test_S_07_04_04_35_D2_rho080_medium_000,Ablation-without_duration_aware_gae,ablation_without_duration_aware_gae_seed0,main,S,S_07_04_04_35,4,7,35,5,4,3,D2,0.8,0.8,medium,1.0,0.9,0.8,6375.376591889831,,,True,0.7428571428571429,207.07269235307746,56,1.4285714285714286,217.68540787696838,166.12869727611542,0.3312019727578977,0.3560606060606061,0.3333333333333333,0.3106060606060606,40.47595792677005,54.52232000025106,246,11.420229050076642,9.094947017729282e-13,,ok
without_potential_shaping,test_L_12_08_06_90_D5_rho080_medium_000,Ablation-without_potential_shaping,ablation_without_potential_shaping_seed0,main,L,L_12_08_06_90,8,12,90,8,6,6,D5,0.8,0.8,medium,1.0,0.75,0.5,78291.30263282622,,,True,0.9222222222222223,593.1972647803736,180,2.2444444444444445,1096.1557953357697,769.0428092479706,0.45961442805718683,0.475,0.2823529411764706,0.2426470588235294,65.06690579149881,101.36566000146557,1173,97.22997529326945,2.3283064365386963e-10,,ok
without_potential_shaping,test_L_18_08_10_160_D1_rho095_loose_000,Ablation-without_potential_shaping,ablation_without_potential_shaping_seed0,main,L,L_18_08_10_160,8,18,160,12,10,8,D1,0.95,0.95,loose,1.0,0.9,0.8,184369.1212988469,,,True,0.9,875.2990896523213,309,6.1294498381877025,3993.9974106550217,5479.853642940521,0.5678537607945623,0.3274706867671692,0.3274706867671692,0.34505862646566166,116.87901154705631,267.61083000164945,3247,472.5011125931587,1.7462298274040222e-10,,ok
without_potential_shaping,test_M_08_06_04_40_D3_rho095_loose_000,Ablation-without_potential_shaping,ablation_without_potential_shaping_seed0,main,M,M_08_06_04_40,6,8,40,5,4,4,D3,0.95,0.95,loose,1.0,0.75,0.65,7014.36325674815,,,True,0.9,233.211690430596,31,0.45161290322580644,27.522113919258118,21.74913001060486,0.5244339752942324,0.40096618357487923,0.3961352657004831,0.2028985507246377,37.47571894873638,53.589584999135695,260,11.375336726636549,9.094947017729282e-13,,ok
without_potential_shaping,test_M_12_06_07_80_D4_rho065_tight_000,Ablation-without_potential_shaping,ablation_without_potential_shaping_seed0,main,M,M_12_06_07_80,6,12,80,8,7,5,D4,0.65,0.65,tight,1.0,0.6,0.5,33771.24518263669,,,True,1.0,336.600051900569,99,3.505050505050505,597.5373469591141,721.2319566011429,0.41354286527773093,0.3822843822843823,0.38927738927738925,0.22843822843822845,55.9307039688745,80.61458666682785,855,57.134168293773634,5.820766091346741e-11,,ok
without_potential_shaping,test_S_06_04_02_20_D1_rho065_tight_000,Ablation-without_potential_shaping,ablation_without_potential_shaping_seed0,main,S,S_06_04_02_20,4,6,20,3,2,3,D1,0.65,0.65,tight,1.0,0.75,0.65,1023.1596770346059,10988.051670550054,-0.9068843405808823,True,0.75,97.32301235577165,34,0.0,0.0,0.0,0.8445730972421038,0.7222222222222222,0.2777777777777778,0.0,29.516055677825968,33.1109666658449,91,2.9638239668226256,0.0,,ok
without_potential_shaping,test_S_07_04_04_35_D2_rho080_medium_000,Ablation-without_potential_shaping,ablation_without_potential_shaping_seed0,main,S,S_07_04_04_35,4,7,35,5,4,3,D2,0.8,0.8,medium,1.0,0.9,0.8,9815.184634950381,,,True,0.9142857142857143,264.91658899112275,87,1.6436781609195403,393.33348643779755,302.2234619855881,0.3897205569501062,0.24242424242424243,0.6439393939393939,0.11363636363636363,39.69693503777415,56.65023999972616,309,13.786381826736276,5.4569682106375694e-12,,ok
single_critic,,,,,,,,,,,,,,,,,,,,,,,,,,,,,,,,,,,,,,,,missing_checkpoint
