source_file,tier,method,run_id,scale,parameter_case_id,scenario,rho,due_tightness,n,feasible_rate,mean_twt,std_twt,mean_optimality_gap,std_optimality_gap,mean_tardy_ratio,mean_flow_time,mean_wall_time_seconds,mean_decision_time_ms
result/ablation_results.csv,,,,,,,,,2,0.0,,,,,,,,
result/generalization.csv,large,EGDM-HGPPO,scheme2_seed0_xl,XL,XL_18_10_09_180,D1,0.65,tight,1,1.0,148474.91375375097,0.0,,,0.9944444444444445,735.022198773805,706.6102243013447,150.83256667657938
result/generalization.csv,large,EGDM-HGPPO,scheme2_seed0_xl,XL,XL_24_10_13_300,D2,0.8,medium,1,1.0,589061.067494095,0.0,,,0.8966666666666666,1527.0704756161665,1944.9309399054036,178.3074754079365
result/ablation_results.csv,main,Ablation-flat_reconfiguration,ablation_flat_reconfiguration_seed0,L,L_12_08_06_90,D5,0.8,medium,1,0.0,,,,,,,1165.1023449806403,169.55556446943507
result/ablation_results.csv,main,Ablation-flat_reconfiguration,ablation_flat_reconfiguration_seed0,L,L_18_08_10_160,D1,0.95,loose,1,1.0,590198.7734342592,0.0,,,0.9125,2831.8460968200898,448.7070478811536,139.55367047708998
result/ablation_results.csv,main,Ablation-flat_reconfiguration,ablation_flat_reconfiguration_seed0,M,M_08_06_04_40,D3,0.95,loose,1,1.0,11505.42448012135,0.0,,,0.75,274.2631027550303,18.890428065164684,48.77137727670641
result/ablation_results.csv,main,Ablation-flat_reconfiguration,ablation_flat_reconfiguration_seed0,M,M_12_06_07_80,D4,0.65,tight,1,1.0,63315.27466035589,0.0,,,0.9875,577.8349727974155,84.33100583125147,78.68706147230598
result/ablation_results.csv,main,Ablation-flat_reconfiguration,ablation_flat_reconfiguration_seed0,S,S_06_04_02_20,D1,0.65,tight,1,1.0,984.695362397629,0.0,-0.9103848988045088,0.0,0.8,98.38411324026434,3.7807483501261836,34.47667193855139
result/ablation_results.csv,main,Ablation-flat_reconfiguration,ablation_flat_reconfiguration_seed0,S,S_07_04_04_35,D2,0.8,medium,1,1.0,9401.178588382754,0.0,,,0.7142857142857143,229.0725185997323,9.395906490305295,41.15587094996347
result/ablation_results.csv,main,Ablation-homogeneous_gat,ablation_homogeneous_gat_seed0,L,L_12_08_06_90,D5,0.8,medium,1,1.0,65357.24542005613,0.0,,,0.8555555555555555,607.3344838953084,61.89761309547174,57.471160851871616
result/ablation_results.csv,main,Ablation-homogeneous_gat,ablation_homogeneous_gat_seed0,L,L_18_08_10_160,D1,0.95,loose,1,1.0,196804.34410897334,0.0,,,0.7875,921.9629320670047,166.60180749466522,85.96114618989168
result/ablation_results.csv,main,Ablation-homogeneous_gat,ablation_homogeneous_gat_seed0,M,M_08_06_04_40,D3,0.95,loose,1,1.0,8158.271295874147,0.0,,,0.825,257.2313316873703,11.982657353357837,36.14586964855676
result/ablation_results.csv,main,Ablation-homogeneous_gat,ablation_homogeneous_gat_seed0,M,M_12_06_07_80,D4,0.65,tight,1,1.0,28853.65526081945,0.0,,,0.975,357.3408829137771,70.87645739520961,63.299214652634305
result/ablation_results.csv,main,Ablation-homogeneous_gat,ablation_homogeneous_gat_seed0,S,S_06_04_02_20,D1,0.65,tight,1,1.0,1094.6806525012578,0.0,-0.9003753635928744,0.0,0.7,106.20154252595854,3.709395633287688,29.484804804813027
result/ablation_results.csv,main,Ablation-homogeneous_gat,ablation_homogeneous_gat_seed0,S,S_07_04_04_35,D2,0.8,medium,1,1.0,5900.522232689962,0.0,,,0.6857142857142857,213.28957251929754,11.626569528373267,36.228442340629755
result/ablation_results.csv,main,Ablation-periodic_gate,ablation_periodic_gate_seed0,L,L_12_08_06_90,D5,0.8,medium,1,1.0,86686.58063451151,0.0,,,0.8666666666666667,619.2702321684691,87.49242643321918,61.20206310874092
result/ablation_results.csv,main,Ablation-periodic_gate,ablation_periodic_gate_seed0,L,L_18_08_10_160,D1,0.95,loose,1,1.0,172932.37176049274,0.0,,,0.79375,807.1846532501075,350.05526043308487,112.43210513033608
result/ablation_results.csv,main,Ablation-periodic_gate,ablation_periodic_gate_seed0,M,M_08_06_04_40,D3,0.95,loose,1,1.0,8025.322490952925,0.0,,,0.825,249.52286847374674,11.45724461661254,34.80552417259609
result/ablation_results.csv,main,Ablation-periodic_gate,ablation_periodic_gate_seed0,M,M_12_06_07_80,D4,0.65,tight,1,1.0,25431.8795132676,0.0,,,1.0,294.3527228072206,54.9064951833468,53.30095759470086
result/ablation_results.csv,main,Ablation-periodic_gate,ablation_periodic_gate_seed0,S,S_06_04_02_20,D1,0.65,tight,1,1.0,1079.68053927664,0.0,-0.9017404930693603,0.0,0.7,100.46277858815866,3.0183494167310227,29.759713224637483
result/ablation_results.csv,main,Ablation-periodic_gate,ablation_periodic_gate_seed0,S,S_07_04_04_35,D2,0.8,medium,1,1.0,5813.849321901897,0.0,,,0.8571428571428571,190.54371412053493,9.045889016575046,33.2010050484875
result/ablation_results.csv,main,Ablation-without_duration_aware_gae,ablation_without_duration_aware_gae_seed0,L,L_12_08_06_90,D5,0.8,medium,1,1.0,90626.4870636037,0.0,,,0.9555555555555556,659.8979296532775,157.24414508275905,81.68057469005666
result/ablation_results.csv,main,Ablation-without_duration_aware_gae,ablation_without_duration_aware_gae_seed0,L,L_18_08_10_160,D1,0.95,loose,1,1.0,202876.1847197365,0.0,,,0.8625,905.179522661744,729.9264004842971,123.01712138998339
result/ablation_results.csv,main,Ablation-without_duration_aware_gae,ablation_without_duration_aware_gae_seed0,M,M_08_06_04_40,D3,0.95,loose,1,1.0,8420.107562417768,0.0,,,0.825,243.32757969264748,15.538392949813472,43.536874999995185
result/ablation_results.csv,main,Ablation-without_duration_aware_gae,ablation_without_duration_aware_gae_seed0,M,M_12_06_07_80,D4,0.65,tight,1,1.0,35459.35257334692,0.0,,,0.9875,349.8261181282515,88.66566858350234,69.61462618593936
result/ablation_results.csv,main,Ablation-without_duration_aware_gae,ablation_without_duration_aware_gae_seed0,S,S_06_04_02_20,D1,0.65,tight,1,1.0,1061.2622813616251,0.0,-0.9034167008691816,0.0,0.7,97.73905562740934,4.005182350030131,33.1902124999482
result/ablation_results.csv,main,Ablation-without_duration_aware_gae,ablation_without_duration_aware_gae_seed0,S,S_07_04_04_35,D2,0.8,medium,1,1.0,6375.376591889831,0.0,,,0.7428571428571429,207.07269235307746,11.420229050076642,40.47595792677005
result/ablation_results.csv,main,Ablation-without_event_gate,ablation_without_event_gate_seed0,L,L_12_08_06_90,D5,0.8,medium,1,1.0,81844.59828831571,0.0,,,0.9888888888888889,720.375099875467,132.9264845434888,75.0071333167748
result/ablation_results.csv,main,Ablation-without_event_gate,ablation_without_event_gate_seed0,L,L_18_08_10_160,D1,0.95,loose,1,1.0,314824.9557381868,0.0,,,0.9125,1333.621827972278,630.2239914437894,120.7450775130155
result/ablation_results.csv,main,Ablation-without_event_gate,ablation_without_event_gate_seed0,M,M_08_06_04_40,D3,0.95,loose,1,1.0,15168.895293337753,0.0,,,0.875,378.6957251296689,21.59347757683596,48.379605094456224
result/ablation_results.csv,main,Ablation-without_event_gate,ablation_without_event_gate_seed0,M,M_12_06_07_80,D4,0.65,tight,1,1.0,36508.1491245055,0.0,,,1.0,388.15781922137006,92.41722814306632,69.25447176233273
result/ablation_results.csv,main,Ablation-without_event_gate,ablation_without_event_gate_seed0,S,S_06_04_02_20,D1,0.65,tight,1,1.0,1179.2174591293938,0.0,-0.8926818425608694,0.0,0.8,110.95057340826928,4.993323066652617,39.31003678148066
result/ablation_results.csv,main,Ablation-without_event_gate,ablation_without_event_gate_seed0,S,S_07_04_04_35,D2,0.8,medium,1,1.0,9486.672064541826,0.0,,,0.9428571428571428,275.7694356437647,13.52171062656222,42.95986927115087
result/ablation_results.csv,main,Ablation-without_potential_shaping,ablation_without_potential_shaping_seed0,L,L_12_08_06_90,D5,0.8,medium,1,1.0,78291.30263282622,0.0,,,0.9222222222222223,593.1972647803736,97.22997529326945,65.06690579149881
result/ablation_results.csv,main,Ablation-without_potential_shaping,ablation_without_potential_shaping_seed0,L,L_18_08_10_160,D1,0.95,loose,1,1.0,184369.1212988469,0.0,,,0.9,875.2990896523213,472.5011125931587,116.87901154705631
result/ablation_results.csv,main,Ablation-without_potential_shaping,ablation_without_potential_shaping_seed0,M,M_08_06_04_40,D3,0.95,loose,1,1.0,7014.36325674815,0.0,,,0.9,233.211690430596,11.375336726636549,37.47571894873638
result/ablation_results.csv,main,Ablation-without_potential_shaping,ablation_without_potential_shaping_seed0,M,M_12_06_07_80,D4,0.65,tight,1,1.0,33771.24518263669,0.0,,,1.0,336.600051900569,57.134168293773634,55.9307039688745
result/ablation_results.csv,main,Ablation-without_potential_shaping,ablation_without_potential_shaping_seed0,S,S_06_04_02_20,D1,0.65,tight,1,1.0,1023.1596770346059,0.0,-0.9068843405808823,0.0,0.75,97.32301235577165,2.9638239668226256,29.516055677825968
result/ablation_results.csv,main,Ablation-without_potential_shaping,ablation_without_potential_shaping_seed0,S,S_07_04_04_35,D2,0.8,medium,1,1.0,9815.184634950381,0.0,,,0.9142857142857143,264.91658899112275,13.786381826736276,39.69693503777415
result/ablation_results.csv,main,Ablation-without_stage_nodes,ablation_without_stage_nodes_seed0,L,L_12_08_06_90,D5,0.8,medium,1,1.0,72593.73401440607,0.0,,,0.9333333333333333,623.5256102007263,122.42763305173308,69.38614847597815
result/ablation_results.csv,main,Ablation-without_stage_nodes,ablation_without_stage_nodes_seed0,L,L_18_08_10_160,D1,0.95,loose,1,1.0,227485.33483654863,0.0,,,0.8125,964.7251416992898,560.9761115514574,105.41499208960025
result/ablation_results.csv,main,Ablation-without_stage_nodes,ablation_without_stage_nodes_seed0,M,M_08_06_04_40,D3,0.95,loose,1,1.0,7831.755708922223,0.0,,,0.675,230.9123564014289,10.794372776504309,36.05323042845036
result/ablation_results.csv,main,Ablation-without_stage_nodes,ablation_without_stage_nodes_seed0,M,M_12_06_07_80,D4,0.65,tight,1,1.0,23798.271840714093,0.0,,,0.9875,300.6132787147952,62.18033555150933,59.63474086287871
result/ablation_results.csv,main,Ablation-without_stage_nodes,ablation_without_stage_nodes_seed0,S,S_06_04_02_20,D1,0.65,tight,1,1.0,861.08113161238,0.0,-0.9216347758975113,0.0,0.75,100.82376043037208,3.777196716699108,30.184907357374662
result/ablation_results.csv,main,Ablation-without_stage_nodes,ablation_without_stage_nodes_seed0,S,S_07_04_04_35,D2,0.8,medium,1,1.0,7520.527101108992,0.0,,,0.7714285714285715,218.95707453176792,12.856827751470696,38.31013845413038
result/eval_results.csv,main,Bottleneck-Rule,scheme2_seed0_formal,L,L_12_08_06_90,D5,0.8,medium,1,1.0,69830.29061140552,0.0,,,0.9888888888888889,566.1606158210798,23.34886520000873,5.96121151868211
result/eval_results.csv,main,Bottleneck-Rule,scheme2_seed0_formal,L,L_18_08_10_160,D1,0.95,loose,1,1.0,139234.547670472,0.0,,,0.95,681.1644010888084,79.78554119996261,13.269686593148336
result/eval_results.csv,main,Bottleneck-Rule,scheme2_seed0_formal,M,M_08_06_04_40,D3,0.95,loose,1,1.0,8467.759977765872,0.0,,,0.875,245.53584051371442,2.906309299985878,4.930784773954858
result/eval_results.csv,main,Bottleneck-Rule,scheme2_seed0_formal,M,M_12_06_07_80,D4,0.65,tight,1,1.0,29830.04538706642,0.0,,,0.975,308.96256115626613,11.412160200008657,9.054371872753109
result/eval_results.csv,main,Bottleneck-Rule,scheme2_seed0_formal,S,S_06_04_02_20,D1,0.65,tight,1,1.0,782.6779575583508,0.0,-0.9287700876347289,0.0,0.7,88.0378410902382,0.6708333999849856,4.429530430175162
result/eval_results.csv,main,Bottleneck-Rule,scheme2_seed0_formal,S,S_07_04_04_35,D2,0.8,medium,1,1.0,7309.035458147791,0.0,,,0.9428571428571428,214.4161361492663,1.8710323999985121,2.7579681462763497
result/ablation_results.csv;result/eval_results.csv,main,EGDM-HGPPO,multiple,L,L_12_08_06_90,D5,0.8,medium,2,1.0,76675.9370713193,0.0,,,0.8555555555555555,621.5095914984295,109.84289848798127,76.36189906699231
result/ablation_results.csv;result/eval_results.csv,main,EGDM-HGPPO,multiple,L,L_18_08_10_160,D1,0.95,loose,2,1.0,201036.31484816963,89.27436254637723,,,0.74375,935.9687327826106,557.3943599359939,137.25281931225925
result/ablation_results.csv;result/eval_results.csv,main,EGDM-HGPPO,multiple,M,M_08_06_04_40,D3,0.95,loose,2,1.0,7620.297402391054,0.0,,,0.675,227.0465484076869,11.916123858171822,41.027341865791655
result/ablation_results.csv;result/eval_results.csv,main,EGDM-HGPPO,multiple,M,M_12_06_07_80,D4,0.65,tight,2,1.0,32961.81295379045,0.0,,,0.9875,368.71623983136817,66.3737407880055,65.8465949264345
result/ablation_results.csv;result/eval_results.csv,main,EGDM-HGPPO,multiple,S,S_06_04_02_20,D1,0.65,tight,2,1.0,1044.8082522152338,0.0,-0.9049141482456341,0.0,0.8,105.47573822597137,4.305993908060676,39.04001493375401
result/ablation_results.csv;result/eval_results.csv,main,EGDM-HGPPO,multiple,S,S_07_04_04_35,D2,0.8,medium,2,1.0,7942.4157664934855,0.0,,,0.6857142857142857,242.5483558303865,12.189883020710958,41.46904450313508
result/eval_results.csv,main,Fixed-EDD,scheme2_seed0_formal,L,L_12_08_06_90,D5,0.8,medium,1,1.0,70793.0921578636,0.0,,,0.9888888888888889,573.6704308917302,11.462125199963339,0.3187871255466208
result/eval_results.csv,main,Fixed-EDD,scheme2_seed0_formal,L,L_18_08_10_160,D1,0.95,loose,1,1.0,192400.39776292228,0.0,,,0.96875,880.1540329825451,40.75321469997289,0.712239173160424
result/eval_results.csv,main,Fixed-EDD,scheme2_seed0_formal,M,M_08_06_04_40,D3,0.95,loose,1,1.0,10868.804023743938,0.0,,,0.925,281.57885328824,1.2372456000302918,0.13263983632119872
result/eval_results.csv,main,Fixed-EDD,scheme2_seed0_formal,M,M_12_06_07_80,D4,0.65,tight,1,1.0,36458.03032285546,0.0,,,0.975,361.5084183700296,4.882960299961269,0.3408311042837491
result/eval_results.csv,main,Fixed-EDD,scheme2_seed0_formal,S,S_06_04_02_20,D1,0.65,tight,1,1.0,1224.7168799834103,0.0,-0.8885410337789118,0.0,0.8,100.57651025362026,0.2581847999827005,0.04955934127792716
result/eval_results.csv,main,Fixed-EDD,scheme2_seed0_formal,S,S_07_04_04_35,D2,0.8,medium,1,1.0,6134.505485206913,0.0,,,0.9142857142857143,192.83814186909,0.6739103000145406,0.09027168790091682
result/eval_results.csv,main,GAT-PPO,scheme2_seed0_formal,L,L_12_08_06_90,D5,0.8,medium,1,1.0,70506.45277543443,0.0,,,0.9666666666666667,552.9389171985978,68.07795077531672,63.97964649704132
result/eval_results.csv,main,GAT-PPO,scheme2_seed0_formal,L,L_18_08_10_160,D1,0.95,loose,1,1.0,190812.25719300454,0.0,,,0.95625,819.4475424984236,264.98483582834785,126.17415045214771
result/eval_results.csv,main,GAT-PPO,scheme2_seed0_formal,M,M_08_06_04_40,D3,0.95,loose,1,1.0,10861.784061144732,0.0,,,0.75,293.9823438773425,12.343019309962012,38.83206206775051
result/eval_results.csv,main,GAT-PPO,scheme2_seed0_formal,M,M_12_06_07_80,D4,0.65,tight,1,1.0,43073.29391078501,0.0,,,0.9875,442.9349256324851,63.11001662821122,64.28415223845208
result/eval_results.csv,main,GAT-PPO,scheme2_seed0_formal,S,S_06_04_02_20,D1,0.65,tight,1,1.0,1052.8104938049983,0.0,-0.9041858806846788,0.0,0.65,99.9888008355142,3.100820249984584,29.62249510913523
result/eval_results.csv,main,GAT-PPO,scheme2_seed0_formal,S,S_07_04_04_35,D2,0.8,medium,1,1.0,5556.530168266884,0.0,,,0.7142857142857143,211.10577855088502,7.536688008941321,33.69969163176791
result/eval_results.csv,main,HGT-MAPPO,scheme2_seed0_formal,L,L_12_08_06_90,D5,0.8,medium,1,1.0,95693.5964984031,0.0,,,0.8888888888888888,689.7395737759587,100.01301595349523,55.944532189218705
result/eval_results.csv,main,HGT-MAPPO,scheme2_seed0_formal,L,L_18_08_10_160,D1,0.95,loose,1,1.0,178257.00556233883,0.0,,,0.73125,844.0791449267132,489.0219261008811,94.85211034501889
result/eval_results.csv,main,HGT-MAPPO,scheme2_seed0_formal,M,M_08_06_04_40,D3,0.95,loose,1,1.0,7652.243032949375,0.0,,,0.725,247.91813000718878,12.19524683733083,36.29693874710603
result/eval_results.csv,main,HGT-MAPPO,scheme2_seed0_formal,M,M_12_06_07_80,D4,0.65,tight,1,1.0,33676.98071939956,0.0,,,0.9625,352.37515251306115,55.736765287739885,49.491550146151575
result/eval_results.csv,main,HGT-MAPPO,scheme2_seed0_formal,S,S_06_04_02_20,D1,0.65,tight,1,1.0,3043.3202639848905,0.0,-0.7230336773768972,0.0,0.75,168.3168629479557,3.041379016610639,29.88446757228593
result/eval_results.csv,main,HGT-MAPPO,scheme2_seed0_formal,S,S_07_04_04_35,D2,0.8,medium,1,1.0,122042.46364699762,0.0,,,0.8285714285714286,2474.4439547772226,235.1915745013307,76.43017554434282
result/eval_results.csv,main,HGT-PPO-Flat,scheme2_seed0_formal,L,L_12_08_06_90,D5,0.8,medium,1,1.0,77411.4366498735,0.0,,,0.9555555555555556,567.2016070118979,95.53778652437225,69.74389732929825
result/eval_results.csv,main,HGT-PPO-Flat,scheme2_seed0_formal,L,L_18_08_10_160,D1,0.95,loose,1,1.0,315867.4500121183,0.0,,,0.925,1162.9775885389352,355.4088997230069,129.75567452978117
result/eval_results.csv,main,HGT-PPO-Flat,scheme2_seed0_formal,M,M_08_06_04_40,D3,0.95,loose,1,1.0,14740.573573506352,0.0,,,0.825,306.6219327012961,16.755750041356073,40.94494531517467
result/eval_results.csv,main,HGT-PPO-Flat,scheme2_seed0_formal,M,M_12_06_07_80,D4,0.65,tight,1,1.0,34502.13861312959,0.0,,,0.975,305.74712215950103,49.40903267390289,55.81407903310481
result/eval_results.csv,main,HGT-PPO-Flat,scheme2_seed0_formal,S,S_06_04_02_20,D1,0.65,tight,1,1.0,1668.4983090662224,0.0,-0.8481533979733553,0.0,0.75,105.89181106898265,4.495860867085865,34.506640740785684
result/eval_results.csv,main,HGT-PPO-Flat,scheme2_seed0_formal,S,S_07_04_04_35,D2,0.8,medium,1,1.0,8201.106052551224,0.0,,,0.8571428571428571,222.15341837283063,11.247647965839127,37.590790367525905
result/eval_results.csv,main,MLP-PPO,scheme2_seed0_formal,L,L_12_08_06_90,D5,0.8,medium,1,1.0,98364.64049725096,0.0,,,0.9111111111111111,872.7573728289556,105.1093144652055,70.88841991354607
result/eval_results.csv,main,MLP-PPO,scheme2_seed0_formal,L,L_18_08_10_160,D1,0.95,loose,1,1.0,209688.05614314924,0.0,,,0.85625,1003.6464795654366,313.5239385641849,116.88301041684038
result/eval_results.csv,main,MLP-PPO,scheme2_seed0_formal,M,M_08_06_04_40,D3,0.95,loose,1,1.0,17856.59241091383,0.0,,,0.825,459.12885524304835,14.878380449041527,37.91698604517009
result/eval_results.csv,main,MLP-PPO,scheme2_seed0_formal,M,M_12_06_07_80,D4,0.65,tight,1,1.0,39449.80267382809,0.0,,,1.0,388.39356228620085,49.59937241758743,55.133376762188725
result/eval_results.csv,main,MLP-PPO,scheme2_seed0_formal,S,S_06_04_02_20,D1,0.65,tight,1,1.0,1841.9155608128572,0.0,-0.8323710502973407,0.0,0.8,132.93549527167664,3.8550933835601118,28.41501257077812
result/eval_results.csv,main,MLP-PPO,scheme2_seed0_formal,S,S_07_04_04_35,D2,0.8,medium,1,1.0,6243.641542849847,0.0,,,0.8571428571428571,214.18897161429422,10.052019422994151,34.56183126869935
result/eval_results.csv,main,Periodic-ATC,scheme2_seed0_formal,L,L_12_08_06_90,D5,0.8,medium,1,1.0,45148.30825970294,0.0,,,0.9888888888888889,513.6111992178381,15.660707500006538,2.1768464843546034
result/eval_results.csv,main,Periodic-ATC,scheme2_seed0_formal,L,L_18_08_10_160,D1,0.95,loose,1,1.0,96000.53595558264,0.0,,,0.9125,655.0379394472452,58.68511630001012,6.816061588533988
result/eval_results.csv,main,Periodic-ATC,scheme2_seed0_formal,M,M_08_06_04_40,D3,0.95,loose,1,1.0,5484.836607021403,0.0,,,0.875,224.02898143099532,1.9519443000317551,2.2947462980583726
result/eval_results.csv,main,Periodic-ATC,scheme2_seed0_formal,M,M_12_06_07_80,D4,0.65,tight,1,1.0,9539.054742831055,0.0,,,0.975,172.68228912611022,5.706240999978036,1.4672324512214
result/eval_results.csv,main,Periodic-ATC,scheme2_seed0_formal,S,S_06_04_02_20,D1,0.65,tight,1,1.0,704.5979273005714,0.0,-0.9358759907191719,0.0,0.7,89.3741473921164,0.46684649999951944,2.238877168249177
result/eval_results.csv,main,Periodic-ATC,scheme2_seed0_formal,S,S_07_04_04_35,D2,0.8,medium,1,1.0,5200.081125392109,0.0,,,0.9428571428571428,205.28392465044288,1.132697900000494,0.9669298169933636
result/eval_results.csv,main,RH-ALNS,scheme2_seed0_formal,L,L_12_08_06_90,D5,0.8,medium,1,1.0,38701.835662698475,0.0,,,0.9888888888888889,459.82199531568733,20.863346399972215,5.201728785221213
result/eval_results.csv,main,RH-ALNS,scheme2_seed0_formal,L,L_18_08_10_160,D1,0.95,loose,1,1.0,114599.1468229519,0.0,,,0.9375,722.1545304683511,88.67061779997312,13.925931237378464
result/eval_results.csv,main,RH-ALNS,scheme2_seed0_formal,M,M_08_06_04_40,D3,0.95,loose,1,1.0,5408.149200140058,0.0,,,0.875,224.08341700442662,2.6507140999892727,5.027658490569524
result/eval_results.csv,main,RH-ALNS,scheme2_seed0_formal,M,M_12_06_07_80,D4,0.65,tight,1,1.0,12134.111389103158,0.0,,,0.9875,204.53258663093465,8.539189500035718,3.6576905420408825
result/eval_results.csv,main,RH-ALNS,scheme2_seed0_formal,S,S_06_04_02_20,D1,0.65,tight,1,1.0,704.5979273005714,0.0,-0.9358759907191719,0.0,0.7,89.3741473921164,0.4815224999911152,2.417329348922383
result/eval_results.csv,main,RH-ALNS,scheme2_seed0_formal,S,S_07_04_04_35,D2,0.8,medium,1,1.0,5082.311846488772,0.0,,,0.9142857142857143,199.63894540179987,1.6807051000068896,2.899802023844665
result/eval_results.csv,main,RH-MILP,scheme2_seed0_formal,L,L_12_08_06_90,D5,0.8,medium,1,1.0,59105.42957715037,0.0,,,0.9666666666666667,616.4112827692989,23.27356470003724,8.195944005236717
result/eval_results.csv,main,RH-MILP,scheme2_seed0_formal,L,L_18_08_10_160,D1,0.95,loose,1,1.0,95870.67686986791,0.0,,,0.91875,625.8327519708171,74.42141479998827,11.156778716237593
result/eval_results.csv,main,RH-MILP,scheme2_seed0_formal,M,M_08_06_04_40,D3,0.95,loose,1,1.0,6654.0467211301675,0.0,,,0.875,236.16650038015837,2.5051486000302248,4.065490106884868
result/eval_results.csv,main,RH-MILP,scheme2_seed0_formal,M,M_12_06_07_80,D4,0.65,tight,1,1.0,17388.71010065046,0.0,,,0.975,242.87183600166136,8.582712300005369,4.145723318187617
result/eval_results.csv,main,RH-MILP,scheme2_seed0_formal,S,S_06_04_02_20,D1,0.65,tight,1,1.0,700.7877644284611,0.0,-0.9362227458115528,0.0,0.65,91.19933502841708,0.5200210000039078,2.784271739706721
result/eval_results.csv,main,RH-MILP,scheme2_seed0_formal,S,S_07_04_04_35,D2,0.8,medium,1,1.0,5359.707831723767,0.0,,,0.9142857142857143,192.28531973204034,1.503428999974858,2.522932749859761
result/eval_results.csv,main,Threshold-EDD,scheme2_seed0_formal,L,L_12_08_06_90,D5,0.8,medium,1,1.0,69830.29061140552,0.0,,,0.9888888888888889,566.1606158210798,23.33928899996681,5.718424146307184
result/eval_results.csv,main,Threshold-EDD,scheme2_seed0_formal,L,L_18_08_10_160,D1,0.95,loose,1,1.0,139234.547670472,0.0,,,0.95,681.1644010888084,79.9144479999668,13.397717637625258
result/eval_results.csv,main,Threshold-EDD,scheme2_seed0_formal,M,M_08_06_04_40,D3,0.95,loose,1,1.0,8467.759977765872,0.0,,,0.875,245.53584051371442,2.9161073000286706,4.941616263151955
result/eval_results.csv,main,Threshold-EDD,scheme2_seed0_formal,M,M_12_06_07_80,D4,0.65,tight,1,1.0,29830.04538706642,0.0,,,0.975,308.96256115626613,11.081785599992145,8.834590154856414
result/eval_results.csv,main,Threshold-EDD,scheme2_seed0_formal,S,S_06_04_02_20,D1,0.65,tight,1,1.0,782.6779575583508,0.0,-0.9287700876347289,0.0,0.7,88.0378410902382,0.6645515999989584,4.40573369522336
result/eval_results.csv,main,Threshold-EDD,scheme2_seed0_formal,S,S_07_04_04_35,D2,0.8,medium,1,1.0,7309.035458147791,0.0,,,0.9428571428571428,214.4161361492663,1.9212223999784328,2.8275892578272357
result/sensitivity.csv,sensitivity,Bottleneck-Rule,multiple,L,L_12_08_06_90,D5,0.8,medium,45,1.0,48090.56323033525,8180.387537610562,,,0.9558024691358025,424.34424370518843,17.82755565999978,6.18541319707708
result/sensitivity.csv,sensitivity,Bottleneck-Rule,multiple,L,L_18_08_10_160,D1,0.95,loose,45,1.0,122102.33410472616,19542.69109012151,,,0.9590277777777778,665.1095991566887,63.006299484442486,9.291309120034517
result/sensitivity.csv,sensitivity,Bottleneck-Rule,multiple,M,M_08_06_04_40,D3,0.95,loose,45,1.0,9760.106262930303,1202.4480662224416,,,0.865,255.5451002647103,3.736764213334633,6.374799562697742
result/sensitivity.csv,sensitivity,Bottleneck-Rule,multiple,M,M_12_06_07_80,D4,0.65,tight,45,1.0,39995.268293538546,7205.692173940286,,,0.9786111111111111,315.09297655642905,9.826016757776475,5.10697921155918
result/sensitivity.csv,sensitivity,Bottleneck-Rule,multiple,S,S_06_04_02_20,D1,0.65,tight,45,1.0,1647.1451559738416,368.5198252684266,,,0.9644444444444444,102.38739900010184,0.7243009044461359,3.400348635219835
result/sensitivity.csv,sensitivity,Bottleneck-Rule,multiple,S,S_07_04_04_35,D2,0.8,medium,45,1.0,4642.112141549298,1504.7437313990226,,,0.9142857142857143,150.83191325440376,1.348897775554926,3.294632732504501
result/sensitivity.csv,sensitivity,EGDM-HGPPO,multiple,L,L_12_08_06_90,D5,0.8,medium,45,1.0,72860.50340613583,7866.418514192991,,,0.8407407407407408,540.1567162104714,73.86334095007723,65.07847880802659
result/sensitivity.csv,sensitivity,EGDM-HGPPO,multiple,L,L_18_08_10_160,D1,0.95,loose,45,1.0,196830.2746164639,22334.80981733866,,,0.8125,988.2524322184438,379.7522072555614,112.49575965943464
result/sensitivity.csv,sensitivity,EGDM-HGPPO,multiple,M,M_08_06_04_40,D3,0.95,loose,45,1.0,11564.53596758334,659.2799724624559,,,0.61,294.25760623432194,13.764894462599758,41.16362766762962
result/sensitivity.csv,sensitivity,EGDM-HGPPO,multiple,M,M_12_06_07_80,D4,0.65,tight,45,1.0,41534.91262349407,1648.3742792403414,,,0.9466666666666667,364.8117643273996,56.92376977791495,60.36395631261738
result/sensitivity.csv,sensitivity,EGDM-HGPPO,multiple,S,S_06_04_02_20,D1,0.65,tight,45,1.0,1596.3085416807469,341.14129625290064,,,0.9244444444444444,106.47926447518817,4.087546238523121,33.94294929371581
result/sensitivity.csv,sensitivity,EGDM-HGPPO,multiple,S,S_07_04_04_35,D2,0.8,medium,45,1.0,4912.322292943501,1215.5316288489828,,,0.7238095238095238,175.83706372266786,8.477173819863326,36.68049099860568
result/sensitivity.csv,sensitivity,Fixed-EDD,multiple,L,L_12_08_06_90,D5,0.8,medium,45,1.0,71629.6154608956,16370.698498021009,,,0.9629629629629629,571.2319887172448,9.876576484443165,0.4160352188245882
result/sensitivity.csv,sensitivity,Fixed-EDD,multiple,L,L_18_08_10_160,D1,0.95,loose,45,1.0,190210.30090137248,34034.54735997954,,,0.9666666666666667,962.3562656015415,36.56682279999974,0.6827000239546339
result/sensitivity.csv,sensitivity,Fixed-EDD,multiple,M,M_08_06_04_40,D3,0.95,loose,45,1.0,11850.576163857077,302.4165563173358,,,0.8777777777777778,284.62520966065586,1.4932530555560435,0.11443433527290266
result/sensitivity.csv,sensitivity,Fixed-EDD,multiple,M,M_12_06_07_80,D4,0.65,tight,45,1.0,50877.689227334915,1521.2453245698262,,,0.9875,382.96698558808964,5.063635766666509,0.26279235885316254
result/sensitivity.csv,sensitivity,Fixed-EDD,multiple,S,S_06_04_02_20,D1,0.65,tight,45,1.0,2202.940485959947,154.42134594453066,,,0.9555555555555555,117.19324180826361,0.3095226155567313,0.06718511788673488
result/sensitivity.csv,sensitivity,Fixed-EDD,multiple,S,S_07_04_04_35,D2,0.8,medium,45,1.0,5564.669096837167,744.3365689056017,,,0.8571428571428571,161.07468666873893,0.684617115556547,0.15726672082986093
result/sensitivity.csv,sensitivity,GAT-PPO,multiple,L,L_12_08_06_90,D5,0.8,medium,45,1.0,64433.18098825339,11563.961840473525,,,0.8928395061728395,504.0472707335255,59.85739969979246,61.75267972457648
result/sensitivity.csv,sensitivity,GAT-PPO,multiple,L,L_18_08_10_160,D1,0.95,loose,45,1.0,197295.78913149145,52693.27256091498,,,0.915,905.6416616900095,161.71711874416533,91.31920881442119
result/sensitivity.csv,sensitivity,GAT-PPO,multiple,M,M_08_06_04_40,D3,0.95,loose,45,1.0,11236.470805860854,686.9909607395206,,,0.6683333333333333,286.8346334497347,12.031612891985862,35.35525132170868
result/sensitivity.csv,sensitivity,GAT-PPO,multiple,M,M_12_06_07_80,D4,0.65,tight,45,1.0,52640.362340442145,4936.637278897596,,,0.9941666666666666,424.0861458521753,39.139906958690894,53.869470924676236
result/sensitivity.csv,sensitivity,GAT-PPO,multiple,S,S_06_04_02_20,D1,0.65,tight,45,1.0,1856.0741008562136,135.8875754795017,,,0.9166666666666666,117.36574161124128,2.9391202726042174,26.131639301718973
result/sensitivity.csv,sensitivity,GAT-PPO,multiple,S,S_07_04_04_35,D2,0.8,medium,45,1.0,6137.022351851437,1484.5146348386338,,,0.6787301587301587,169.77977904485283,6.2941380926310595,29.872393311683798
result/sensitivity.csv,sensitivity,HGT-MAPPO,multiple,L,L_12_08_06_90,D5,0.8,medium,45,1.0,116986.22413183752,108648.39592396114,,,0.8293827160493827,816.8886836964859,83.22057178303983,74.06155706881265
result/sensitivity.csv,sensitivity,HGT-MAPPO,multiple,L,L_18_08_10_160,D1,0.95,loose,45,0.9777777777777777,273151.99050274625,161841.05124820818,,,0.7862215909090909,1279.504530783582,393.97167510951886,126.84693904118842
result/sensitivity.csv,sensitivity,HGT-MAPPO,multiple,M,M_08_06_04_40,D3,0.95,loose,45,1.0,11092.817472307901,928.1583418504546,,,0.5894444444444444,288.0303969034866,15.359488256691685,41.756993521996066
result/sensitivity.csv,sensitivity,HGT-MAPPO,multiple,M,M_12_06_07_80,D4,0.65,tight,45,0.4,158795.82773934028,22344.134943124394,,,0.9222222222222223,1068.7635893796348,454.0195028976075,92.53168546773641
result/sensitivity.csv,sensitivity,HGT-MAPPO,multiple,S,S_06_04_02_20,D1,0.65,tight,45,1.0,1682.1525658373687,397.6321473076174,,,0.9388888888888889,109.6752624491654,3.9286279877599792,30.316988245236885
result/sensitivity.csv,sensitivity,HGT-MAPPO,multiple,S,S_07_04_04_35,D2,0.8,medium,45,1.0,5097.077800844745,1144.9148253695723,,,0.6914285714285714,159.49288001803754,8.465415572226862,35.40906069329531
result/sensitivity.csv,sensitivity,HGT-PPO-Flat,multiple,L,L_12_08_06_90,D5,0.8,medium,45,1.0,82305.0197946966,13885.779781588757,,,0.937037037037037,590.4669666457461,90.63187229225949,77.3489851231084
result/sensitivity.csv,sensitivity,HGT-PPO-Flat,multiple,L,L_18_08_10_160,D1,0.95,loose,45,1.0,266543.7792525071,91590.07513252429,,,0.9243055555555556,1140.9218079648515,298.92881508784336,135.99978720678317
result/sensitivity.csv,sensitivity,HGT-PPO-Flat,multiple,M,M_08_06_04_40,D3,0.95,loose,45,1.0,17552.446081177568,2550.8209156731787,,,0.78,332.15534282281817,17.789784443324745,44.580330452846546
result/sensitivity.csv,sensitivity,HGT-PPO-Flat,multiple,M,M_12_06_07_80,D4,0.65,tight,45,1.0,72314.72858757169,15888.395366072471,,,0.9822222222222222,463.3149436241661,53.74890181444868,63.8697334848674
result/sensitivity.csv,sensitivity,HGT-PPO-Flat,multiple,S,S_06_04_02_20,D1,0.65,tight,45,1.0,3764.6977220854806,1155.199460722588,,,0.9966666666666667,141.93393427657884,4.41744725332804,32.829077541625395
result/sensitivity.csv,sensitivity,HGT-PPO-Flat,multiple,S,S_07_04_04_35,D2,0.8,medium,45,1.0,8841.558271385578,1981.5718890838884,,,0.8876190476190476,202.21128341684047,10.256461466710057,38.896476322182615
result/sensitivity.csv,sensitivity,MLP-PPO,multiple,L,L_12_08_06_90,D5,0.8,medium,45,1.0,65346.341072537354,9469.365582240609,,,0.9333333333333333,601.9477996794166,60.34704571920209,57.35009480792942
result/sensitivity.csv,sensitivity,MLP-PPO,multiple,L,L_18_08_10_160,D1,0.95,loose,45,1.0,223270.32325232308,56118.1098656128,,,0.8870833333333333,1096.792866392225,204.42996924808463,94.71745093489729
result/sensitivity.csv,sensitivity,MLP-PPO,multiple,M,M_08_06_04_40,D3,0.95,loose,45,1.0,12574.171254973304,1091.5768450896835,,,0.7555555555555555,338.2712086332101,11.89582962557579,33.128298473690315
result/sensitivity.csv,sensitivity,MLP-PPO,multiple,M,M_12_06_07_80,D4,0.65,tight,45,1.0,59588.36575147164,8474.886969926449,,,0.9938888888888889,504.11125194957515,43.81424598485986,51.43631694814986
result/sensitivity.csv,sensitivity,MLP-PPO,multiple,S,S_06_04_02_20,D1,0.65,tight,45,1.0,2928.0948688345916,1039.0683971026585,,,0.98,144.57717012107474,3.3351260677838988,23.812070712405436
result/sensitivity.csv,sensitivity,MLP-PPO,multiple,S,S_07_04_04_35,D2,0.8,medium,45,1.0,9588.464353894344,4772.338184056936,,,0.7606349206349207,264.1083919684292,7.5882457588970285,29.057171986333245
result/sensitivity.csv,sensitivity,Periodic-ATC,multiple,L,L_12_08_06_90,D5,0.8,medium,45,1.0,30390.19729281767,4014.1651903998877,,,0.9412345679012346,387.8678265065705,12.528388862223155,2.3270896711644533
result/sensitivity.csv,sensitivity,Periodic-ATC,multiple,L,L_18_08_10_160,D1,0.95,loose,45,1.0,88625.9967981405,14152.021980230234,,,0.9595833333333333,654.775858765757,46.5111570711132,3.427586192410044
result/sensitivity.csv,sensitivity,Periodic-ATC,multiple,M,M_08_06_04_40,D3,0.95,loose,45,1.0,5860.22005199996,800.2065340780784,,,0.8405555555555555,241.35139289460437,2.4032290066661113,2.6176779848370746
result/sensitivity.csv,sensitivity,Periodic-ATC,multiple,M,M_12_06_07_80,D4,0.65,tight,45,1.0,24827.308598300973,3952.4617224093854,,,0.9791666666666666,315.3589501371258,6.994792711111303,2.33881658535869
result/sensitivity.csv,sensitivity,Periodic-ATC,multiple,S,S_06_04_02_20,D1,0.65,tight,45,1.0,1196.299015371849,277.139199572559,,,0.93,99.79991681556272,0.4838989044428066,1.4441406954683822
result/sensitivity.csv,sensitivity,Periodic-ATC,multiple,S,S_07_04_04_35,D2,0.8,medium,45,1.0,2803.252861230593,551.2407865687475,,,0.9066666666666666,134.80597757378823,0.9111071222216803,1.2244471289211496
result/sensitivity.csv,sensitivity,RH-ALNS,multiple,L,L_12_08_06_90,D5,0.8,medium,45,1.0,31982.103280215906,5415.825806067301,,,0.9491358024691358,401.9514244913756,17.216550719999212,6.000210135630198
result/sensitivity.csv,sensitivity,RH-ALNS,multiple,L,L_18_08_10_160,D1,0.95,loose,45,1.0,98642.12727758476,15915.46201042121,,,0.9634722222222222,710.3151067950854,76.11677813333307,10.107020652165748
result/sensitivity.csv,sensitivity,RH-ALNS,multiple,M,M_08_06_04_40,D3,0.95,loose,45,1.0,6138.679231530595,918.0896291270665,,,0.8455555555555555,246.6735290918253,3.2618422666681806,4.892746642862053
result/sensitivity.csv,sensitivity,RH-ALNS,multiple,M,M_12_06_07_80,D4,0.65,tight,45,1.0,25118.634052854806,3831.6066111654627,,,0.9794444444444445,317.842582191484,9.899872371112805,5.334200277462478
result/sensitivity.csv,sensitivity,RH-ALNS,multiple,S,S_06_04_02_20,D1,0.65,tight,45,1.0,1223.843373023509,248.31875139299052,,,0.9533333333333334,100.64273204083139,0.6704401866663829,2.9457731339526476
result/sensitivity.csv,sensitivity,RH-ALNS,multiple,S,S_07_04_04_35,D2,0.8,medium,45,1.0,3172.889536126452,1067.0218517461267,,,0.8914285714285715,144.662635997766,1.195485793333743,2.6155944626333527
result/sensitivity.csv,sensitivity,RH-MILP,multiple,L,L_12_08_06_90,D5,0.8,medium,45,1.0,36742.33858885245,6272.113399816435,,,0.931358024691358,419.66088262185735,16.749550439999197,5.58057924006258
result/sensitivity.csv,sensitivity,RH-MILP,multiple,L,L_18_08_10_160,D1,0.95,loose,45,1.0,102976.0242365327,12213.23253671138,,,0.9456944444444444,690.499984599275,65.48704216444263,11.242828791747606
result/sensitivity.csv,sensitivity,RH-MILP,multiple,M,M_08_06_04_40,D3,0.95,loose,45,1.0,7720.573706170644,1096.3945459168547,,,0.8288888888888889,255.5419407635077,2.9921541000004153,4.212206927790903
result/sensitivity.csv,sensitivity,RH-MILP,multiple,M,M_12_06_07_80,D4,0.65,tight,45,1.0,30287.341103073548,4205.667840188943,,,0.9694444444444444,323.24122706301534,9.505546531109495,4.5549004857586795
result/sensitivity.csv,sensitivity,RH-MILP,multiple,S,S_06_04_02_20,D1,0.65,tight,45,1.0,1373.9985991443407,298.87762436595324,,,0.9455555555555556,103.39020374304464,0.6716349888875104,2.923495929879489
result/sensitivity.csv,sensitivity,RH-MILP,multiple,S,S_07_04_04_35,D2,0.8,medium,45,1.0,3552.635652201499,1065.8862089375243,,,0.8596825396825397,144.0968201887196,1.1352436111116226,2.2994016415865484
result/sensitivity.csv,sensitivity,Threshold-EDD,multiple,L,L_12_08_06_90,D5,0.8,medium,45,1.0,48090.56323033525,8180.387537610562,,,0.9558024691358025,424.34424370518843,17.932753439999377,6.239576306328896
result/sensitivity.csv,sensitivity,Threshold-EDD,multiple,L,L_18_08_10_160,D1,0.95,loose,45,1.0,122102.33410472616,19542.69109012151,,,0.9590277777777778,665.1095991566887,63.416596706667285,9.359621966266207
result/sensitivity.csv,sensitivity,Threshold-EDD,multiple,M,M_08_06_04_40,D3,0.95,loose,45,1.0,9760.106262930303,1202.4480662224416,,,0.865,255.5451002647103,3.730262782221608,6.4081407612091255
result/sensitivity.csv,sensitivity,Threshold-EDD,multiple,M,M_12_06_07_80,D4,0.65,tight,45,1.0,39995.268293538546,7205.692173940286,,,0.9786111111111111,315.09297655642905,9.74363647555656,5.115442329307748
result/sensitivity.csv,sensitivity,Threshold-EDD,multiple,S,S_06_04_02_20,D1,0.65,tight,45,1.0,1647.1451559738416,368.5198252684266,,,0.9644444444444444,102.38739900010184,0.7204049622202647,3.3881345748212217
result/sensitivity.csv,sensitivity,Threshold-EDD,multiple,S,S_07_04_04_35,D2,0.8,medium,45,1.0,4642.112141549298,1504.7437313990226,,,0.9142857142857143,150.83191325440376,1.325173033333461,3.234530852324998
result/structural_effects.csv,structural_effects,Bottleneck-Rule,scheme2_seed0_structural_effects,M,BASE,D1,0.8,medium,1,1.0,34921.68898316072,0.0,,,0.9875,381.8966167263166,13.622720399987884,5.529961538432674
result/structural_effects.csv,structural_effects,Bottleneck-Rule,scheme2_seed0_structural_effects,M,J_HIGH,D1,0.8,medium,1,1.0,115290.37680193667,0.0,,,0.99375,523.4754650098619,38.06175519997487,10.946967667971808
result/structural_effects.csv,structural_effects,Bottleneck-Rule,scheme2_seed0_structural_effects,M,J_LOW,D1,0.8,medium,1,1.0,9952.557198074306,0.0,,,0.95,244.6228705333024,4.376634299987927,3.211057691959678
result/structural_effects.csv,structural_effects,Bottleneck-Rule,scheme2_seed0_structural_effects,M,M_HIGH,D1,0.8,medium,1,1.0,22097.51779688677,0.0,,,0.95,267.66899614512664,14.161750900006155,5.0790670147679275
result/structural_effects.csv,structural_effects,Bottleneck-Rule,scheme2_seed0_structural_effects,M,M_LOW,D1,0.8,medium,1,1.0,19923.34292949009,0.0,,,0.9625,236.92654820397152,8.957532100001117,8.254393984384649
result/structural_effects.csv,structural_effects,Bottleneck-Rule,scheme2_seed0_structural_effects,M,R_HIGH,D1,0.8,medium,1,1.0,19871.900973067408,0.0,,,0.9,244.6467924462691,10.583855600008974,9.566869581086843
result/structural_effects.csv,structural_effects,Bottleneck-Rule,scheme2_seed0_structural_effects,M,R_LOW,D1,0.8,medium,1,1.0,26233.150245535846,0.0,,,0.9125,295.207853108219,10.052848199993605,4.917065747592839
result/structural_effects.csv,structural_effects,Bottleneck-Rule,scheme2_seed0_structural_effects,M,S_HIGH,D1,0.8,medium,1,1.0,50788.53687481276,0.0,,,0.95,478.15408587434837,19.2597425999993,9.1269537253818
result/structural_effects.csv,structural_effects,Bottleneck-Rule,scheme2_seed0_structural_effects,M,S_LOW,D1,0.8,medium,1,1.0,14054.535396899906,0.0,,,0.9375,170.667854170488,5.5168958000140265,6.428537905411307
result/structural_effects.csv,structural_effects,EGDM-HGPPO,scheme2_seed0_structural_effects,M,BASE,D1,0.8,medium,1,1.0,55724.88571278073,0.0,,,0.8875,625.7453686791374,124.04408073828483,74.10782407900433
result/structural_effects.csv,structural_effects,EGDM-HGPPO,scheme2_seed0_structural_effects,M,J_HIGH,D1,0.8,medium,1,1.0,122102.10854647386,0.0,,,0.9,596.7888850115321,171.8633891403016,85.28139996107302
result/structural_effects.csv,structural_effects,EGDM-HGPPO,scheme2_seed0_structural_effects,M,J_LOW,D1,0.8,medium,1,1.0,11480.086368608167,0.0,,,0.725,303.11981108007285,13.422306088879447,41.733462792580276
result/structural_effects.csv,structural_effects,EGDM-HGPPO,scheme2_seed0_structural_effects,M,M_HIGH,D1,0.8,medium,1,1.0,30505.338507352986,0.0,,,0.8625,317.94299059546694,48.22448128952338,51.38081954379278
result/structural_effects.csv,structural_effects,EGDM-HGPPO,scheme2_seed0_structural_effects,M,M_LOW,D1,0.8,medium,1,1.0,34355.27745452666,0.0,,,0.775,358.4297264260118,39.49038693733948,50.053831179253194
result/structural_effects.csv,structural_effects,EGDM-HGPPO,scheme2_seed0_structural_effects,M,R_HIGH,D1,0.8,medium,1,1.0,23983.780567759157,0.0,,,0.6875,316.4398582138424,32.25261880338764,47.98695714874224
result/structural_effects.csv,structural_effects,EGDM-HGPPO,scheme2_seed0_structural_effects,M,R_LOW,D1,0.8,medium,1,1.0,44122.37265053588,0.0,,,0.95,407.9200040935552,43.537553856087314,50.92474739770394
result/structural_effects.csv,structural_effects,EGDM-HGPPO,scheme2_seed0_structural_effects,M,S_HIGH,D1,0.8,medium,1,1.0,37919.41198149158,0.0,,,0.8625,441.6471438879934,43.6838417565412,50.43357485697867
result/structural_effects.csv,structural_effects,EGDM-HGPPO,scheme2_seed0_structural_effects,M,S_LOW,D1,0.8,medium,1,1.0,17713.439759879133,0.0,,,0.8375,183.0710387460523,22.302636988496992,45.159341265804514
result/structural_effects.csv,structural_effects,Fixed-EDD,scheme2_seed0_structural_effects,M,BASE,D1,0.8,medium,1,1.0,46527.62781422534,0.0,,,0.975,478.7458408944705,5.647725400020136,0.5638429655130428
result/structural_effects.csv,structural_effects,Fixed-EDD,scheme2_seed0_structural_effects,M,J_HIGH,D1,0.8,medium,1,1.0,130017.85412253473,0.0,,,0.99375,574.791762385929,16.977260399988154,0.7686541965810433
result/structural_effects.csv,structural_effects,Fixed-EDD,scheme2_seed0_structural_effects,M,J_LOW,D1,0.8,medium,1,1.0,13423.495372807301,0.0,,,0.925,294.41072524571234,1.6212422999960836,0.13985402377632758
result/structural_effects.csv,structural_effects,Fixed-EDD,scheme2_seed0_structural_effects,M,M_HIGH,D1,0.8,medium,1,1.0,72796.1145576903,0.0,,,0.9625,663.5450587103725,8.460559499973897,1.090943173254493
result/structural_effects.csv,structural_effects,Fixed-EDD,scheme2_seed0_structural_effects,M,M_LOW,D1,0.8,medium,1,1.0,19398.974223988615,0.0,,,0.95,232.72595676552461,4.442981000000145,0.18636601250197862
result/structural_effects.csv,structural_effects,Fixed-EDD,scheme2_seed0_structural_effects,M,R_HIGH,D1,0.8,medium,1,1.0,18848.78122543912,0.0,,,0.875,235.16729911364192,4.995969599985983,0.20748035765589318
result/structural_effects.csv,structural_effects,Fixed-EDD,scheme2_seed0_structural_effects,M,R_LOW,D1,0.8,medium,1,1.0,54011.97034110625,0.0,,,0.9625,510.6718779557653,5.90203300002031,0.7480375248250828
result/structural_effects.csv,structural_effects,Fixed-EDD,scheme2_seed0_structural_effects,M,S_HIGH,D1,0.8,medium,1,1.0,49590.91912190205,0.0,,,0.9625,471.5542309754962,9.016712199983886,0.40169551044280116
result/structural_effects.csv,structural_effects,Fixed-EDD,scheme2_seed0_structural_effects,M,S_LOW,D1,0.8,medium,1,1.0,26737.20220982403,0.0,,,0.7875,247.63936404104004,2.9072955999872647,0.724600875486037
result/structural_effects.csv,structural_effects,GAT-PPO,scheme2_seed0_structural_effects,M,BASE,D1,0.8,medium,1,1.0,58590.578795749716,0.0,,,0.9375,652.6768747570546,57.09244539389628,52.86150323844011
result/structural_effects.csv,structural_effects,GAT-PPO,scheme2_seed0_structural_effects,M,J_HIGH,D1,0.8,medium,1,1.0,205088.50355725194,0.0,,,0.9875,855.9461653953124,93.0566282939283,61.48313720144432
result/structural_effects.csv,structural_effects,GAT-PPO,scheme2_seed0_structural_effects,M,J_LOW,D1,0.8,medium,1,1.0,12561.561855578802,0.0,,,0.825,275.5526070339669,25.843831109504723,42.22767380023632
result/structural_effects.csv,structural_effects,GAT-PPO,scheme2_seed0_structural_effects,M,M_HIGH,D1,0.8,medium,1,1.0,42114.04910339404,0.0,,,0.925,381.7072639442726,48.1876707267274,49.45662574482659
result/structural_effects.csv,structural_effects,GAT-PPO,scheme2_seed0_structural_effects,M,M_LOW,D1,0.8,medium,1,1.0,43224.14010886924,0.0,,,0.85,386.5595975154056,31.202469623799512,44.20257972190525
result/structural_effects.csv,structural_effects,GAT-PPO,scheme2_seed0_structural_effects,M,R_HIGH,D1,0.8,medium,1,1.0,37550.09317882624,0.0,,,0.8625,402.34362994145675,89.90277119416288,64.00623034257141
result/structural_effects.csv,structural_effects,GAT-PPO,scheme2_seed0_structural_effects,M,R_LOW,D1,0.8,medium,1,1.0,61154.31989959741,0.0,,,0.9375,509.48130705875326,37.03124550671448,46.072646388608064
result/structural_effects.csv,structural_effects,GAT-PPO,scheme2_seed0_structural_effects,M,S_HIGH,D1,0.8,medium,1,1.0,52017.582777056465,0.0,,,0.9375,476.6477436799444,47.57229192703194,49.68085143886403
result/structural_effects.csv,structural_effects,GAT-PPO,scheme2_seed0_structural_effects,M,S_LOW,D1,0.8,medium,1,1.0,17157.336651798705,0.0,,,0.8,185.15980222847992,24.44712802206374,41.57086585940833
result/structural_effects.csv,structural_effects,HGT-MAPPO,scheme2_seed0_structural_effects,M,BASE,D1,0.8,medium,1,1.0,47395.11293233324,0.0,,,0.9625,552.5937224407373,92.30849114416874,58.48241746273673
result/structural_effects.csv,structural_effects,HGT-MAPPO,scheme2_seed0_structural_effects,M,J_HIGH,D1,0.8,medium,1,0.0,,,,,,,988.2199081440772,133.31143343519548
result/structural_effects.csv,structural_effects,HGT-MAPPO,scheme2_seed0_structural_effects,M,J_LOW,D1,0.8,medium,1,1.0,10893.854836153241,0.0,,,0.725,289.8816081009412,11.78346081129146,34.094350040831586
result/structural_effects.csv,structural_effects,HGT-MAPPO,scheme2_seed0_structural_effects,M,M_HIGH,D1,0.8,medium,1,1.0,26817.762007828853,0.0,,,0.875,288.5709152305513,40.166810082831454,43.66460042359837
result/structural_effects.csv,structural_effects,HGT-MAPPO,scheme2_seed0_structural_effects,M,M_LOW,D1,0.8,medium,1,1.0,29669.358894167395,0.0,,,0.65,306.8829525420325,27.054634282837927,40.57094778476314
result/structural_effects.csv,structural_effects,HGT-MAPPO,scheme2_seed0_structural_effects,M,R_HIGH,D1,0.8,medium,1,1.0,23397.658058403806,0.0,,,0.7375,280.214717103064,42.44233830233087,45.51851680565685
result/structural_effects.csv,structural_effects,HGT-MAPPO,scheme2_seed0_structural_effects,M,R_LOW,D1,0.8,medium,1,1.0,44623.89972381094,0.0,,,0.8875,437.2655255069582,50.38683012708451,48.08983324586028
result/structural_effects.csv,structural_effects,HGT-MAPPO,scheme2_seed0_structural_effects,M,S_HIGH,D1,0.8,medium,1,1.0,67906.55341448604,0.0,,,0.8875,690.2344039132129,89.45021519348616,57.64789882948482
result/structural_effects.csv,structural_effects,HGT-MAPPO,scheme2_seed0_structural_effects,M,S_LOW,D1,0.8,medium,1,1.0,16517.546432114606,0.0,,,0.875,196.22094448946498,23.65908261044549,39.78338092636088
result/structural_effects.csv,structural_effects,HGT-PPO-Flat,scheme2_seed0_structural_effects,M,BASE,D1,0.8,medium,1,1.0,52209.01250569214,0.0,,,0.9625,518.4830697456663,63.73114773683762,54.99342921878519
result/structural_effects.csv,structural_effects,HGT-PPO-Flat,scheme2_seed0_structural_effects,M,J_HIGH,D1,0.8,medium,1,1.0,119819.57162210597,0.0,,,0.99375,490.3349285621271,158.98197963710396,87.14085559643
result/structural_effects.csv,structural_effects,HGT-PPO-Flat,scheme2_seed0_structural_effects,M,J_LOW,D1,0.8,medium,1,1.0,14295.238853941817,0.0,,,0.9,285.2908756207486,20.285686366334417,43.6417500434322
result/structural_effects.csv,structural_effects,HGT-PPO-Flat,scheme2_seed0_structural_effects,M,M_HIGH,D1,0.8,medium,1,1.0,74857.0524114212,0.0,,,0.975,609.4169187709916,64.081509937244,54.99779215681553
result/structural_effects.csv,structural_effects,HGT-PPO-Flat,scheme2_seed0_structural_effects,M,M_LOW,D1,0.8,medium,1,1.0,36959.491294141306,0.0,,,0.9125,345.73365477017353,36.69083085031637,49.09114892120021
result/structural_effects.csv,structural_effects,HGT-PPO-Flat,scheme2_seed0_structural_effects,M,R_HIGH,D1,0.8,medium,1,1.0,28020.29405766813,0.0,,,0.9375,264.0419415768202,41.88284076691332,50.53311641802525
result/structural_effects.csv,structural_effects,HGT-PPO-Flat,scheme2_seed0_structural_effects,M,R_LOW,D1,0.8,medium,1,1.0,60279.00371075276,0.0,,,0.9625,475.32843939624183,50.91156418744784,52.848063161808504
result/structural_effects.csv,structural_effects,HGT-PPO-Flat,scheme2_seed0_structural_effects,M,S_HIGH,D1,0.8,medium,1,1.0,76725.69796825857,0.0,,,0.9125,584.2316122549257,71.8123838368511,58.50599879130763
result/structural_effects.csv,structural_effects,HGT-PPO-Flat,scheme2_seed0_structural_effects,M,S_LOW,D1,0.8,medium,1,1.0,20598.67445974839,0.0,,,0.95,208.73803756076936,28.455951278899885,46.65963150618806
result/structural_effects.csv,structural_effects,MLP-PPO,scheme2_seed0_structural_effects,M,BASE,D1,0.8,medium,1,1.0,54897.277573429434,0.0,,,0.95,561.798024100571,62.78351885829375,52.57385146557915
result/structural_effects.csv,structural_effects,MLP-PPO,scheme2_seed0_structural_effects,M,J_HIGH,D1,0.8,medium,1,1.0,190885.8226231264,0.0,,,0.99375,884.3948388198152,148.25662505779087,79.08718629130877
result/structural_effects.csv,structural_effects,MLP-PPO,scheme2_seed0_structural_effects,M,J_LOW,D1,0.8,medium,1,1.0,11263.385451978309,0.0,,,0.8,311.8925797918443,16.380102811164562,37.16076930755023
result/structural_effects.csv,structural_effects,MLP-PPO,scheme2_seed0_structural_effects,M,M_HIGH,D1,0.8,medium,1,1.0,25578.596295423155,0.0,,,0.9375,314.7451044479944,43.5051895507941,45.393717259976334
result/structural_effects.csv,structural_effects,MLP-PPO,scheme2_seed0_structural_effects,M,M_LOW,D1,0.8,medium,1,1.0,22940.442063082628,0.0,,,0.7875,307.782523037304,30.21068762695261,42.51003813570241
result/structural_effects.csv,structural_effects,MLP-PPO,scheme2_seed0_structural_effects,M,R_HIGH,D1,0.8,medium,1,1.0,16602.470057777606,0.0,,,0.725,246.4160448819232,34.83680631083941,43.80738255437112
result/structural_effects.csv,structural_effects,MLP-PPO,scheme2_seed0_structural_effects,M,R_LOW,D1,0.8,medium,1,1.0,39286.343893485646,0.0,,,0.9375,407.28733663755264,41.06637322588454,45.64357576826394
result/structural_effects.csv,structural_effects,MLP-PPO,scheme2_seed0_structural_effects,M,S_HIGH,D1,0.8,medium,1,1.0,70979.80385449126,0.0,,,0.925,691.8684390377636,59.05921245879632,51.37443889913373
result/structural_effects.csv,structural_effects,MLP-PPO,scheme2_seed0_structural_effects,M,S_LOW,D1,0.8,medium,1,1.0,20212.407737328773,0.0,,,0.95,231.06977222655973,24.324154698819058,40.55169008143828
result/structural_effects.csv,structural_effects,Periodic-ATC,scheme2_seed0_structural_effects,M,BASE,D1,0.8,medium,1,1.0,25113.642189863138,0.0,,,0.975,384.2744341706264,9.514242300007027,2.2823890525098207
result/structural_effects.csv,structural_effects,Periodic-ATC,scheme2_seed0_structural_effects,M,J_HIGH,D1,0.8,medium,1,1.0,53400.94971555476,0.0,,,0.9875,396.9930191100292,26.408855099987704,3.5515276567284473
result/structural_effects.csv,structural_effects,Periodic-ATC,scheme2_seed0_structural_effects,M,J_LOW,D1,0.8,medium,1,1.0,6910.768344076776,0.0,,,0.925,231.1821590673666,2.6783698000072036,1.4239208727626773
result/structural_effects.csv,structural_effects,Periodic-ATC,scheme2_seed0_structural_effects,M,M_HIGH,D1,0.8,medium,1,1.0,13160.58709615746,0.0,,,0.8875,232.7477262664731,9.779774700000416,1.7807412747635007
result/structural_effects.csv,structural_effects,Periodic-ATC,scheme2_seed0_structural_effects,M,M_LOW,D1,0.8,medium,1,1.0,14204.018499842663,0.0,,,0.9375,233.22796812979004,6.941002300009131,3.9319041119801383
result/structural_effects.csv,structural_effects,Periodic-ATC,scheme2_seed0_structural_effects,M,R_HIGH,D1,0.8,medium,1,1.0,11327.697740975982,0.0,,,0.8625,219.7853114659461,7.586595900007524,3.8968960964575334
result/structural_effects.csv,structural_effects,Periodic-ATC,scheme2_seed0_structural_effects,M,R_LOW,D1,0.8,medium,1,1.0,18069.29638120523,0.0,,,0.925,286.54053776978554,7.59743600001093,2.42470928666083
result/structural_effects.csv,structural_effects,Periodic-ATC,scheme2_seed0_structural_effects,M,S_HIGH,D1,0.8,medium,1,1.0,35922.605269383246,0.0,,,0.9625,511.80788651281205,14.400281100010034,5.6043865840980605
result/structural_effects.csv,structural_effects,Periodic-ATC,scheme2_seed0_structural_effects,M,S_LOW,D1,0.8,medium,1,1.0,8760.40925645702,0.0,,,0.9125,159.02040063475428,4.33660909999162,3.7163350261737875
result/structural_effects.csv,structural_effects,RH-ALNS,scheme2_seed0_structural_effects,M,BASE,D1,0.8,medium,1,1.0,25297.226027368368,0.0,,,0.975,385.61044195551665,13.796667899994645,4.7079779566709385
result/structural_effects.csv,structural_effects,RH-ALNS,scheme2_seed0_structural_effects,M,J_HIGH,D1,0.8,medium,1,1.0,62739.92017850905,0.0,,,0.9875,450.5082192239828,35.531497199990554,8.432922342641689
result/structural_effects.csv,structural_effects,RH-ALNS,scheme2_seed0_structural_effects,M,J_LOW,D1,0.8,medium,1,1.0,9070.16662278959,0.0,,,0.925,279.37447694465226,6.501048800011631,3.091644362256864
result/structural_effects.csv,structural_effects,RH-ALNS,scheme2_seed0_structural_effects,M,M_HIGH,D1,0.8,medium,1,1.0,15413.327722023023,0.0,,,0.95,251.3253677516926,21.440268900012597,8.277670948487781
result/structural_effects.csv,structural_effects,RH-ALNS,scheme2_seed0_structural_effects,M,M_LOW,D1,0.8,medium,1,1.0,13456.181732717896,0.0,,,0.95,225.88913533393816,8.081312199996319,4.864947858233581
result/structural_effects.csv,structural_effects,RH-ALNS,scheme2_seed0_structural_effects,M,R_HIGH,D1,0.8,medium,1,1.0,13143.589875681679,0.0,,,0.875,236.58141569036954,10.497800999990432,6.783882678116372
result/structural_effects.csv,structural_effects,RH-ALNS,scheme2_seed0_structural_effects,M,R_LOW,D1,0.8,medium,1,1.0,17851.16073007902,0.0,,,0.9125,283.4708490172003,12.76068929999019,7.756133177080134
result/structural_effects.csv,structural_effects,RH-ALNS,scheme2_seed0_structural_effects,M,S_HIGH,D1,0.8,medium,1,1.0,36468.13187052887,0.0,,,0.9625,495.0294858134126,25.601517500006594,12.404024852667382
result/structural_effects.csv,structural_effects,RH-ALNS,scheme2_seed0_structural_effects,M,S_LOW,D1,0.8,medium,1,1.0,10748.463753641572,0.0,,,0.975,179.71051129902497,7.859531499998411,8.469087864725525
result/structural_effects.csv,structural_effects,RH-MILP,scheme2_seed0_structural_effects,M,BASE,D1,0.8,medium,1,1.0,28784.924308120506,0.0,,,0.9625,393.1589621246701,12.866877199994633,6.125463761995001
result/structural_effects.csv,structural_effects,RH-MILP,scheme2_seed0_structural_effects,M,J_HIGH,D1,0.8,medium,1,1.0,84984.54573105354,0.0,,,0.98125,515.2828445200813,31.876202599989483,5.936798553524363
result/structural_effects.csv,structural_effects,RH-MILP,scheme2_seed0_structural_effects,M,J_LOW,D1,0.8,medium,1,1.0,8518.556093670022,0.0,,,0.875,254.0823071748992,4.23410299999523,3.7355412373237655
result/structural_effects.csv,structural_effects,RH-MILP,scheme2_seed0_structural_effects,M,M_HIGH,D1,0.8,medium,1,1.0,14567.854182346051,0.0,,,0.95,232.82712192161796,13.435434200015152,4.525728258604724
result/structural_effects.csv,structural_effects,RH-MILP,scheme2_seed0_structural_effects,M,M_LOW,D1,0.8,medium,1,1.0,15659.034683058742,0.0,,,0.875,230.2158192952588,7.253430000011576,5.224324804203206
result/structural_effects.csv,structural_effects,RH-MILP,scheme2_seed0_structural_effects,M,R_HIGH,D1,0.8,medium,1,1.0,14785.154320000398,0.0,,,0.9,238.5532213298657,8.702079900016543,5.466361552812783
result/structural_effects.csv,structural_effects,RH-MILP,scheme2_seed0_structural_effects,M,R_LOW,D1,0.8,medium,1,1.0,21002.072271774283,0.0,,,0.9375,296.60531894982944,9.162409700016724,4.099769266258173
result/structural_effects.csv,structural_effects,RH-MILP,scheme2_seed0_structural_effects,M,S_HIGH,D1,0.8,medium,1,1.0,37074.89104249226,0.0,,,0.9,471.13243333736835,16.66517309998744,6.270785226083789
result/structural_effects.csv,structural_effects,RH-MILP,scheme2_seed0_structural_effects,M,S_LOW,D1,0.8,medium,1,1.0,12360.328421807713,0.0,,,0.9375,179.34263327004905,4.822204700001748,3.890814321882485
result/structural_effects.csv,structural_effects,Threshold-EDD,scheme2_seed0_structural_effects,M,BASE,D1,0.8,medium,1,1.0,34921.68898316072,0.0,,,0.9875,381.8966167263166,14.861655999993673,6.0339267335172675
result/structural_effects.csv,structural_effects,Threshold-EDD,scheme2_seed0_structural_effects,M,J_HIGH,D1,0.8,medium,1,1.0,115290.37680193667,0.0,,,0.99375,523.4754650098619,37.50191970000742,11.316076679782862
result/structural_effects.csv,structural_effects,Threshold-EDD,scheme2_seed0_structural_effects,M,J_LOW,D1,0.8,medium,1,1.0,9952.557198074306,0.0,,,0.95,244.6228705333024,4.138462200004142,3.1435014427468277
result/structural_effects.csv,structural_effects,Threshold-EDD,scheme2_seed0_structural_effects,M,M_HIGH,D1,0.8,medium,1,1.0,22097.51779688677,0.0,,,0.95,267.66899614512664,13.83932949998416,4.807746284255804
result/structural_effects.csv,structural_effects,Threshold-EDD,scheme2_seed0_structural_effects,M,M_LOW,D1,0.8,medium,1,1.0,19923.34292949009,0.0,,,0.9625,236.92654820397152,8.77080670002033,8.042359210345527
result/structural_effects.csv,structural_effects,Threshold-EDD,scheme2_seed0_structural_effects,M,R_HIGH,D1,0.8,medium,1,1.0,19871.900973067408,0.0,,,0.9,244.6467924462691,10.654149200010579,9.355343897618736
result/structural_effects.csv,structural_effects,Threshold-EDD,scheme2_seed0_structural_effects,M,R_LOW,D1,0.8,medium,1,1.0,26233.150245535846,0.0,,,0.9125,295.207853108219,10.370541200012667,5.176064150873572
result/structural_effects.csv,structural_effects,Threshold-EDD,scheme2_seed0_structural_effects,M,S_HIGH,D1,0.8,medium,1,1.0,50788.53687481276,0.0,,,0.95,478.15408587434837,20.866824600001564,10.132942066635364
result/structural_effects.csv,structural_effects,Threshold-EDD,scheme2_seed0_structural_effects,M,S_LOW,D1,0.8,medium,1,1.0,14054.535396899906,0.0,,,0.9375,170.667854170488,6.2125124000012875,7.08107331756356
