instance_id,method,run_id,tier,scale,parameter_case_id,S,M,J,H,R,V,scenario,rho,target_load_ratio,due_tightness,relocation_multiplier,worker_skill_density,robot_capability_density,twt,obj_ref,optimality_gap,feasible,tardy_ratio,mean_flow_time,reconfiguration_count,mean_resources_moved_per_reconfiguration,worker_relocation_time,robot_relocation_time,mean_stage_load_capacity_cv,mode_h_fraction,mode_r_fraction,mode_hr_fraction,mean_decision_time_ms,p95_decision_time_ms,decisions,wall_time_seconds,reward_identity_error,failure_reason
sensitivity_L_12_08_06_90_D5_rho080_medium_000_rm0_wsd060_rcd065,Fixed-EDD,scheme2_seed0_sensitivity_rm00_wsd060_rcd065,sensitivity,L,L_12_08_06_90,8,12,90,8,6,6,D5,0.8,0.8,medium,0.0,0.6,0.65,87348.78339799147,,,True,0.9666666666666667,671.4809176743646,0,0.0,0.0,0.0,0.49820772436788047,0.4386503067484663,0.1656441717791411,0.39570552147239263,0.5892176787869257,1.6050999984145164,741,12.109571799999685,0.0,
sensitivity_L_12_08_06_90_D5_rho080_medium_000_rm0_wsd060_rcd065,Periodic-ATC,scheme2_seed0_sensitivity_rm00_wsd060_rcd065,sensitivity,L,L_12_08_06_90,8,12,90,8,6,6,D5,0.8,0.8,medium,0.0,0.6,0.65,29771.819089611552,,,True,0.9555555555555556,393.1279346243696,93,1.5376344086021505,0.0,0.0,0.3109153316289629,0.36503067484662577,0.19478527607361965,0.4401840490797546,2.7776398110953546,11.428499998146435,741,11.77556149999873,3.637978807091713e-12,
sensitivity_L_12_08_06_90_D5_rho080_medium_000_rm0_wsd060_rcd065,Threshold-EDD,scheme2_seed0_sensitivity_rm00_wsd060_rcd065,sensitivity,L,L_12_08_06_90,8,12,90,8,6,6,D5,0.8,0.8,medium,0.0,0.6,0.65,43173.66309570231,,,True,0.9444444444444444,397.04149731050546,179,1.4916201117318435,0.0,0.0,0.29247302026079414,0.36503067484662577,0.17177914110429449,0.46319018404907975,8.901980431915495,32.344799998099916,741,18.706367700000555,5.820766091346741e-11,
sensitivity_L_12_08_06_90_D5_rho080_medium_000_rm0_wsd060_rcd065,Bottleneck-Rule,scheme2_seed0_sensitivity_rm00_wsd060_rcd065,sensitivity,L,L_12_08_06_90,8,12,90,8,6,6,D5,0.8,0.8,medium,0.0,0.6,0.65,43173.66309570231,,,True,0.9444444444444444,397.04149731050546,179,1.4916201117318435,0.0,0.0,0.29247302026079414,0.36503067484662577,0.17177914110429449,0.46319018404907975,8.32564628881141,30.003399999259273,741,17.88174760000038,5.820766091346741e-11,
sensitivity_L_12_08_06_90_D5_rho080_medium_000_rm0_wsd060_rcd065,RH-MILP,scheme2_seed0_sensitivity_rm00_wsd060_rcd065,sensitivity,L,L_12_08_06_90,8,12,90,8,6,6,D5,0.8,0.8,medium,0.0,0.6,0.65,36389.56798672827,,,True,0.9777777777777777,419.00186210032314,155,1.729032258064516,0.0,0.0,0.2927396355370278,0.38496932515337423,0.19171779141104295,0.4233128834355828,5.811690418330913,17.56290000048466,741,15.285124599999108,2.9103830456733704e-11,
sensitivity_L_12_08_06_90_D5_rho080_medium_000_rm0_wsd060_rcd065,RH-ALNS,scheme2_seed0_sensitivity_rm00_wsd060_rcd065,sensitivity,L,L_12_08_06_90,8,12,90,8,6,6,D5,0.8,0.8,medium,0.0,0.6,0.65,31061.114052658715,,,True,0.9444444444444444,394.8446018100535,171,1.6374269005847952,0.0,0.0,0.30490451455920653,0.3604294478527607,0.18558282208588958,0.4539877300613497,7.971976518163749,32.49300000243238,741,17.021712699999625,2.1827872842550278e-11,
sensitivity_L_12_08_06_90_D5_rho080_medium_000_rm0_wsd060_rcd065,EGDM-HGPPO,scheme2_seed0_sensitivity_rm00_wsd060_rcd065,sensitivity,L,L_12_08_06_90,8,12,90,8,6,6,D5,0.8,0.8,medium,0.0,0.6,0.65,75056.7924719773,,,True,0.8333333333333334,565.973781086976,160,4.1625,0.0,0.0,0.4769429624804601,0.5107361963190185,0.2223926380368098,0.2668711656441718,91.20011988078869,185.04405000021507,741,82.1558129316507,4.3655745685100555e-11,
sensitivity_L_12_08_06_90_D5_rho080_medium_000_rm0_wsd060_rcd065,MLP-PPO,scheme2_seed0_sensitivity_rm00_wsd060_rcd065,sensitivity,L,L_12_08_06_90,8,12,90,8,6,6,D5,0.8,0.8,medium,0.0,0.6,0.65,73073.68840625895,,,True,0.9222222222222223,677.0626709972336,217,1.8894009216589862,0.0,0.0,0.4305822515656591,0.450920245398773,0.24846625766871167,0.3006134969325153,102.80918367292861,266.3630999995803,741,89.81395380174283,5.820766091346741e-11,
sensitivity_L_12_08_06_90_D5_rho080_medium_000_rm0_wsd060_rcd065,GAT-PPO,scheme2_seed0_sensitivity_rm00_wsd060_rcd065,sensitivity,L,L_12_08_06_90,8,12,90,8,6,6,D5,0.8,0.8,medium,0.0,0.6,0.65,66033.00017874558,,,True,0.9,550.928895401662,191,0.9528795811518325,0.0,0.0,0.433739877744564,0.3941717791411043,0.4432515337423313,0.16257668711656442,79.4251978115206,145.16943333364907,741,71.62797717837954,0.0,
sensitivity_L_12_08_06_90_D5_rho080_medium_000_rm0_wsd060_rcd065,HGT-PPO-Flat,scheme2_seed0_sensitivity_rm00_wsd060_rcd065,sensitivity,L,L_12_08_06_90,8,12,90,8,6,6,D5,0.8,0.8,medium,0.0,0.6,0.65,94391.63845713818,,,True,0.9555555555555556,724.5295744013683,264,1.9886363636363635,0.0,0.0,0.3135997983809264,0.4171779141104294,0.1441717791411043,0.4386503067484663,97.12644023619285,202.69274999918707,741,83.79153711504927,1.0186340659856796e-10,
sensitivity_L_12_08_06_90_D5_rho080_medium_000_rm0_wsd060_rcd065,HGT-MAPPO,scheme2_seed0_sensitivity_rm00_wsd060_rcd065,sensitivity,L,L_12_08_06_90,8,12,90,8,6,6,D5,0.8,0.8,medium,0.0,0.6,0.65,328098.72065944306,,,True,0.8222222222222222,2060.8510338537267,436,6.873853211009174,0.0,0.0,0.31434774662238546,0.4831288343558282,0.23006134969325154,0.28680981595092025,108.5767785312672,208.210249998956,741,91.16398349166829,4.0745362639427185e-10,
sensitivity_L_18_08_10_160_D1_rho095_loose_000_rm0_wsd060_rcd065,Fixed-EDD,scheme2_seed0_sensitivity_rm00_wsd060_rcd065,sensitivity,L,L_18_08_10_160,8,18,160,12,10,8,D1,0.95,0.95,loose,0.0,0.6,0.65,221666.850116719,,,True,0.96875,1096.9798818674815,0,0.0,0.0,0.0,0.3753822397690988,0.2974683544303797,0.1518987341772152,0.5506329113924051,0.8344135968037145,2.027280002221231,1265,43.81468090000271,1.7462298274040222e-10,
sensitivity_L_18_08_10_160_D1_rho095_loose_000_rm0_wsd060_rcd065,Periodic-ATC,scheme2_seed0_sensitivity_rm00_wsd060_rcd065,sensitivity,L,L_18_08_10_160,8,18,160,12,10,8,D1,0.95,0.95,loose,0.0,0.6,0.65,92027.24953502597,,,True,0.975,679.9306095365453,156,1.9679487179487178,0.0,0.0,0.35640131646229817,0.19349005424954793,0.14285714285714285,0.6636528028933092,4.900457312213994,28.65201999884448,1265,49.64203909999924,2.9103830456733704e-11,
sensitivity_L_18_08_10_160_D1_rho095_loose_000_rm0_wsd060_rcd065,Threshold-EDD,scheme2_seed0_sensitivity_rm00_wsd060_rcd065,sensitivity,L,L_18_08_10_160,8,18,160,12,10,8,D1,0.95,0.95,loose,0.0,0.6,0.65,164090.029611447,,,True,0.96875,847.9378958889351,321,1.9968847352024923,0.0,0.0,0.33165411893793717,0.16636528028933092,0.13924050632911392,0.6943942133815552,17.3114375494083,66.93469999881926,1265,69.01860610000222,1.1641532182693481e-10,
sensitivity_L_18_08_10_160_D1_rho095_loose_000_rm0_wsd060_rcd065,Bottleneck-Rule,scheme2_seed0_sensitivity_rm00_wsd060_rcd065,sensitivity,L,L_18_08_10_160,8,18,160,12,10,8,D1,0.95,0.95,loose,0.0,0.6,0.65,164090.029611447,,,True,0.96875,847.9378958889351,321,1.9968847352024923,0.0,0.0,0.33165411893793717,0.16636528028933092,0.13924050632911392,0.6943942133815552,15.957780790516624,63.971159997890936,1265,64.91791970000122,1.1641532182693481e-10,
sensitivity_L_18_08_10_160_D1_rho095_loose_000_rm0_wsd060_rcd065,RH-MILP,scheme2_seed0_sensitivity_rm00_wsd060_rcd065,sensitivity,L,L_18_08_10_160,8,18,160,12,10,8,D1,0.95,0.95,loose,0.0,0.6,0.65,105195.94308562281,,,True,0.9625,703.9908432418557,208,2.4663461538461537,0.0,0.0,0.3779323931621469,0.27757685352622063,0.16455696202531644,0.5578661844484629,15.56595739125819,43.6796400004823,1265,63.02666390000013,8.731149137020111e-11,
sensitivity_L_18_08_10_160_D1_rho095_loose_000_rm0_wsd060_rcd065,RH-ALNS,scheme2_seed0_sensitivity_rm00_wsd060_rcd065,sensitivity,L,L_18_08_10_160,8,18,160,12,10,8,D1,0.95,0.95,loose,0.0,0.6,0.65,116944.73351716528,,,True,0.9625,822.0934195576784,323,3.9071207430340555,0.0,0.0,0.34864120307882784,0.17088607594936708,0.12658227848101267,0.7025316455696202,24.096073438718857,129.58562000203528,1265,75.0769833000013,1.4551915228366852e-11,
sensitivity_L_18_08_10_160_D1_rho095_loose_000_rm0_wsd060_rcd065,EGDM-HGPPO,scheme2_seed0_sensitivity_rm00_wsd060_rcd065,sensitivity,L,L_18_08_10_160,8,18,160,12,10,8,D1,0.95,0.95,loose,0.0,0.6,0.65,188286.4384820301,,,True,0.79375,956.894297886125,259,10.301158301158301,0.0,0.0,0.397998705306072,0.3670886075949367,0.31464737793851716,0.3182640144665461,141.18149346374793,396.1244600002828,1265,223.16512993158523,5.820766091346741e-11,
sensitivity_L_18_08_10_160_D1_rho095_loose_000_rm0_wsd060_rcd065,MLP-PPO,scheme2_seed0_sensitivity_rm00_wsd060_rcd065,sensitivity,L,L_18_08_10_160,8,18,160,12,10,8,D1,0.95,0.95,loose,0.0,0.6,0.65,343894.83535261685,,,True,0.89375,1638.5262312084599,455,1.9978021978021978,0.0,0.0,0.4750769854180898,0.37251356238698013,0.14285714285714285,0.484629294755877,181.84173154283684,506.81976000050776,1265,275.99487100165123,5.238689482212067e-10,
sensitivity_L_18_08_10_160_D1_rho095_loose_000_rm0_wsd060_rcd065,GAT-PPO,scheme2_seed0_sensitivity_rm00_wsd060_rcd065,sensitivity,L,L_18_08_10_160,8,18,160,12,10,8,D1,0.95,0.95,loose,0.0,0.6,0.65,211533.7431196421,,,True,0.85625,977.3647287474231,309,1.5825242718446602,0.0,0.0,0.37149039197109435,0.16907775768535263,0.755877034358047,0.07504520795660036,111.89069729515644,268.8525600009598,1265,188.0185068781523,1.1641532182693481e-10,
sensitivity_L_18_08_10_160_D1_rho095_loose_000_rm0_wsd060_rcd065,HGT-PPO-Flat,scheme2_seed0_sensitivity_rm00_wsd060_rcd065,sensitivity,L,L_18_08_10_160,8,18,160,12,10,8,D1,0.95,0.95,loose,0.0,0.6,0.65,222614.60897800018,,,True,0.90625,1026.4673342920587,376,2.0,0.0,0.0,0.3107658439356348,0.4385171790235081,0.1609403254972875,0.40054249547920434,147.1048167707784,369.1362999990815,1265,221.2559439149308,1.4551915228366852e-10,
sensitivity_L_18_08_10_160_D1_rho095_loose_000_rm0_wsd060_rcd065,HGT-MAPPO,scheme2_seed0_sensitivity_rm00_wsd060_rcd065,sensitivity,L,L_18_08_10_160,8,18,160,12,10,8,D1,0.95,0.95,loose,0.0,0.6,0.65,500630.96770706464,,,True,0.75625,2248.870793700377,605,14.477685950413223,0.0,0.0,0.29511971001332926,0.36075949367088606,0.20524412296564196,0.43399638336347196,292.9792605467771,665.0185400008922,1265,407.793047591717,3.4924596548080444e-10,
sensitivity_M_08_06_04_40_D3_rho095_loose_000_rm0_wsd060_rcd065,Fixed-EDD,scheme2_seed0_sensitivity_rm00_wsd060_rcd065,sensitivity,M,M_08_06_04_40,6,8,40,5,4,4,D3,0.95,0.95,loose,0.0,0.6,0.65,11941.625044149157,,,True,0.875,285.3615302303637,0,0.0,0.0,0.0,0.42850586967034776,0.4915254237288136,0.25,0.2584745762711864,0.12597272726865907,0.3016600006958471,275,1.625269500000286,5.4569682106375694e-12,
sensitivity_M_08_06_04_40_D3_rho095_loose_000_rm0_wsd060_rcd065,Periodic-ATC,scheme2_seed0_sensitivity_rm00_wsd060_rcd065,sensitivity,M,M_08_06_04_40,6,8,40,5,4,4,D3,0.95,0.95,loose,0.0,0.6,0.65,6005.171763287907,,,True,0.825,246.05128666896832,21,1.0952380952380953,0.0,0.0,0.21799231548200954,0.3474576271186441,0.17796610169491525,0.4745762711864407,3.805081090752289,6.801489999998012,275,2.5893155000012484,9.094947017729282e-13,
sensitivity_M_08_06_04_40_D3_rho095_loose_000_rm0_wsd060_rcd065,Threshold-EDD,scheme2_seed0_sensitivity_rm00_wsd060_rcd065,sensitivity,M,M_08_06_04_40,6,8,40,5,4,4,D3,0.95,0.95,loose,0.0,0.6,0.65,9838.607764573591,,,True,0.85,256.41856961120476,25,1.16,0.0,0.0,0.23345775135538796,0.3432203389830508,0.17372881355932204,0.4830508474576271,8.767040727212919,13.187309999921128,275,4.048371400000178,5.4569682106375694e-12,
sensitivity_M_08_06_04_40_D3_rho095_loose_000_rm0_wsd060_rcd065,Bottleneck-Rule,scheme2_seed0_sensitivity_rm00_wsd060_rcd065,sensitivity,M,M_08_06_04_40,6,8,40,5,4,4,D3,0.95,0.95,loose,0.0,0.6,0.65,9838.607764573591,,,True,0.85,256.41856961120476,25,1.16,0.0,0.0,0.23345775135538796,0.3432203389830508,0.17372881355932204,0.4830508474576271,8.363741090844004,13.242840000020808,275,3.8571344000010868,5.4569682106375694e-12,
sensitivity_M_08_06_04_40_D3_rho095_loose_000_rm0_wsd060_rcd065,RH-MILP,scheme2_seed0_sensitivity_rm00_wsd060_rcd065,sensitivity,M,M_08_06_04_40,6,8,40,5,4,4,D3,0.95,0.95,loose,0.0,0.6,0.65,7770.1942910674225,,,True,0.825,254.886778448676,22,1.1363636363636365,0.0,0.0,0.26158291426571934,0.3474576271186441,0.17796610169491525,0.4745762711864407,5.204683636455394,8.343269999022596,275,3.08406759999707,9.094947017729282e-13,
sensitivity_M_08_06_04_40_D3_rho095_loose_000_rm0_wsd060_rcd065,RH-ALNS,scheme2_seed0_sensitivity_rm00_wsd060_rcd065,sensitivity,M,M_08_06_04_40,6,8,40,5,4,4,D3,0.95,0.95,loose,0.0,0.6,0.65,5989.065750748083,,,True,0.85,249.76351072020603,45,1.0888888888888888,0.0,0.0,0.26661029387604107,0.3516949152542373,0.2923728813559322,0.3559322033898305,5.881672363678015,17.6522700003261,275,3.2357226999993145,1.8189894035458565e-12,
sensitivity_M_08_06_04_40_D3_rho095_loose_000_rm0_wsd060_rcd065,EGDM-HGPPO,scheme2_seed0_sensitivity_rm00_wsd060_rcd065,sensitivity,M,M_08_06_04_40,6,8,40,5,4,4,D3,0.95,0.95,loose,0.0,0.6,0.65,12017.921111738766,,,True,0.6,306.45619348461344,43,1.813953488372093,0.0,0.0,0.5194049522551624,0.461864406779661,0.2076271186440678,0.3305084745762712,49.721700903034204,82.88242500048004,275,15.798647948295002,7.275957614183426e-12,
sensitivity_M_08_06_04_40_D3_rho095_loose_000_rm0_wsd060_rcd065,MLP-PPO,scheme2_seed0_sensitivity_rm00_wsd060_rcd065,sensitivity,M,M_08_06_04_40,6,8,40,5,4,4,D3,0.95,0.95,loose,0.0,0.6,0.65,12715.838511449792,,,True,0.65,341.46621918265225,40,1.3,0.0,0.0,0.40376822672107004,0.4194915254237288,0.25,0.3305084745762712,43.69985012723875,87.4366149992966,275,14.076201185002052,5.4569682106375694e-12,
sensitivity_M_08_06_04_40_D3_rho095_loose_000_rm0_wsd060_rcd065,GAT-PPO,scheme2_seed0_sensitivity_rm00_wsd060_rcd065,sensitivity,M,M_08_06_04_40,6,8,40,5,4,4,D3,0.95,0.95,loose,0.0,0.6,0.65,10239.362744077474,,,True,0.65,290.31679943984517,52,0.9230769230769231,0.0,0.0,0.38237222319299524,0.4745762711864407,0.3389830508474576,0.1864406779661017,44.235377921207785,78.41701250008559,275,14.211852828357467,1.8189894035458565e-12,
sensitivity_M_08_06_04_40_D3_rho095_loose_000_rm0_wsd060_rcd065,HGT-PPO-Flat,scheme2_seed0_sensitivity_rm00_wsd060_rcd065,sensitivity,M,M_08_06_04_40,6,8,40,5,4,4,D3,0.95,0.95,loose,0.0,0.6,0.65,19498.08837636807,,,True,0.725,355.7801405064304,90,1.7555555555555555,0.0,0.0,0.40587293462319807,0.4533898305084746,0.25,0.2966101694915254,56.600682721242656,94.24451499990029,275,17.64902624829325,0.0,
sensitivity_M_08_06_04_40_D3_rho095_loose_000_rm0_wsd060_rcd065,HGT-MAPPO,scheme2_seed0_sensitivity_rm00_wsd060_rcd065,sensitivity,M,M_08_06_04_40,6,8,40,5,4,4,D3,0.95,0.95,loose,0.0,0.6,0.65,10679.68507558368,,,True,0.55,290.6800329877564,70,1.9,0.0,0.0,0.44999807688322935,0.4194915254237288,0.2966101694915254,0.2838983050847458,44.98511269699608,85.22094249938164,275,13.920936791642148,1.8189894035458565e-12,
sensitivity_M_12_06_07_80_D4_rho065_tight_000_rm0_wsd060_rcd065,Fixed-EDD,scheme2_seed0_sensitivity_rm00_wsd060_rcd065,sensitivity,M,M_12_06_07_80,6,12,80,8,7,5,D4,0.65,0.65,tight,0.0,0.6,0.65,51193.29390592145,,,True,0.9875,386.871494910717,0,0.0,0.0,0.0,0.47945115460999427,0.16470588235294117,0.5035294117647059,0.33176470588235296,0.29989722221245524,0.9218850020261016,504,5.90510180000274,2.9103830456733704e-11,
sensitivity_M_12_06_07_80_D4_rho065_tight_000_rm0_wsd060_rcd065,Periodic-ATC,scheme2_seed0_sensitivity_rm00_wsd060_rcd065,sensitivity,M,M_12_06_07_80,6,12,80,8,7,5,D4,0.65,0.65,tight,0.0,0.6,0.65,30617.662684297815,,,True,0.975,377.9236062069678,57,1.5964912280701755,0.0,0.0,0.4749387594324256,0.1623529411764706,0.34352941176470586,0.49411764705882355,3.642413293712866,12.141385001814342,504,7.57926519999819,2.1827872842550278e-11,
sensitivity_M_12_06_07_80_D4_rho065_tight_000_rm0_wsd060_rcd065,Threshold-EDD,scheme2_seed0_sensitivity_rm00_wsd060_rcd065,sensitivity,M,M_12_06_07_80,6,12,80,8,7,5,D4,0.65,0.65,tight,0.0,0.6,0.65,48757.12161405574,,,True,0.9875,371.50004874856097,114,1.8070175438596492,0.0,0.0,0.4827823898208047,0.15764705882352942,0.27058823529411763,0.571764705882353,8.248414087271764,25.23977499895409,504,10.128277499999967,2.1827872842550278e-11,
sensitivity_M_12_06_07_80_D4_rho065_tight_000_rm0_wsd060_rcd065,Bottleneck-Rule,scheme2_seed0_sensitivity_rm00_wsd060_rcd065,sensitivity,M,M_12_06_07_80,6,12,80,8,7,5,D4,0.65,0.65,tight,0.0,0.6,0.65,48757.12161405574,,,True,0.9875,371.50004874856097,114,1.8070175438596492,0.0,0.0,0.4827823898208047,0.15764705882352942,0.27058823529411763,0.571764705882353,8.111293452426281,24.438930000906108,504,9.78237199999785,2.1827872842550278e-11,
sensitivity_M_12_06_07_80_D4_rho065_tight_000_rm0_wsd060_rcd065,RH-MILP,scheme2_seed0_sensitivity_rm00_wsd060_rcd065,sensitivity,M,M_12_06_07_80,6,12,80,8,7,5,D4,0.65,0.65,tight,0.0,0.6,0.65,34985.76374792883,,,True,0.9875,369.5038672988516,96,2.0104166666666665,0.0,0.0,0.47059895961530623,0.2376470588235294,0.2635294117647059,0.4988235294117647,6.089944047679247,19.739234998087337,504,8.88792679999824,0.0,
sensitivity_M_12_06_07_80_D4_rho065_tight_000_rm0_wsd060_rcd065,RH-ALNS,scheme2_seed0_sensitivity_rm00_wsd060_rcd065,sensitivity,M,M_12_06_07_80,6,12,80,8,7,5,D4,0.65,0.65,tight,0.0,0.6,0.65,29959.473133902466,,,True,0.975,373.5551133362503,91,2.0,0.0,0.0,0.4764907591281429,0.15764705882352942,0.32235294117647056,0.52,8.881147222310242,29.845394998119442,504,10.136760099998355,3.637978807091713e-12,
sensitivity_M_12_06_07_80_D4_rho065_tight_000_rm0_wsd060_rcd065,EGDM-HGPPO,scheme2_seed0_sensitivity_rm00_wsd060_rcd065,sensitivity,M,M_12_06_07_80,6,12,80,8,7,5,D4,0.65,0.65,tight,0.0,0.6,0.65,41960.35917193417,,,True,0.95,373.3776277503937,91,5.065934065934066,0.0,0.0,0.3171240964993125,0.32941176470588235,0.4164705882352941,0.2541176470588235,70.95191047947696,128.1499433332404,504,42.24188798162669,1.4551915228366852e-11,
sensitivity_M_12_06_07_80_D4_rho065_tight_000_rm0_wsd060_rcd065,MLP-PPO,scheme2_seed0_sensitivity_rm00_wsd060_rcd065,sensitivity,M,M_12_06_07_80,6,12,80,8,7,5,D4,0.65,0.65,tight,0.0,0.6,0.65,94681.06274730302,,,True,1.0,746.229584176144,178,1.9550561797752808,0.0,0.0,0.48520810313759344,0.3835294117647059,0.3905882352941176,0.22588235294117648,71.72028045965948,155.0565666664624,504,42.295346651705316,5.820766091346741e-11,
sensitivity_M_12_06_07_80_D4_rho065_tight_000_rm0_wsd060_rcd065,GAT-PPO,scheme2_seed0_sensitivity_rm00_wsd060_rcd065,sensitivity,M,M_12_06_07_80,6,12,80,8,7,5,D4,0.65,0.65,tight,0.0,0.6,0.65,47371.97704561986,,,True,1.0,409.24831047503847,158,1.4620253164556962,0.0,0.0,0.3421152559596868,0.22588235294117648,0.7035294117647058,0.07058823529411765,65.52680581022075,125.89856666654661,504,39.42255792834138,2.1827872842550278e-11,
sensitivity_M_12_06_07_80_D4_rho065_tight_000_rm0_wsd060_rcd065,HGT-PPO-Flat,scheme2_seed0_sensitivity_rm00_wsd060_rcd065,sensitivity,M,M_12_06_07_80,6,12,80,8,7,5,D4,0.65,0.65,tight,0.0,0.6,0.65,111630.43031558066,,,True,0.9875,701.4891799603027,226,1.9734513274336283,0.0,0.0,0.3900000325566719,0.31529411764705884,0.3835294117647059,0.30117647058823527,77.0723409028046,126.42358666707877,504,44.56900611505346,8.731149137020111e-11,
sensitivity_M_12_06_07_80_D4_rho065_tight_000_rm0_wsd060_rcd065,HGT-MAPPO,scheme2_seed0_sensitivity_rm00_wsd060_rcd065,sensitivity,M,M_12_06_07_80,6,12,80,8,7,5,D4,0.65,0.65,tight,0.0,0.6,0.65,123147.49748881788,,,True,0.9,861.9676885557931,252,9.051587301587302,0.0,0.0,0.3456827166771132,0.26823529411764707,0.2541176470588235,0.4776470588235294,85.15994383268742,161.34649833262907,504,47.62874909164982,2.9103830456733704e-11,
sensitivity_S_06_04_02_20_D1_rho065_tight_000_rm0_wsd060_rcd065,Fixed-EDD,scheme2_seed0_sensitivity_rm00_wsd060_rcd065,sensitivity,S,S_06_04_02_20,4,6,20,3,2,3,D1,0.65,0.65,tight,0.0,0.6,0.65,2151.0918845556807,,,True,0.95,117.30517327297358,0,0.0,0.0,0.0,0.6795212352516675,0.575,0.425,0.0,0.07241616152565587,0.15539000269200187,99,0.3524139000001014,9.094947017729282e-13,
sensitivity_S_06_04_02_20_D1_rho065_tight_000_rm0_wsd060_rcd065,Periodic-ATC,scheme2_seed0_sensitivity_rm00_wsd060_rcd065,sensitivity,S,S_06_04_02_20,4,6,20,3,2,3,D1,0.65,0.65,tight,0.0,0.6,0.65,945.1780742271067,,,True,0.9,91.34054005183863,17,1.0,0.0,0.0,0.5812844646097434,0.5375,0.4625,0.0,1.2276303028611988,3.5643600000184956,99,0.44268250000095577,0.0,
sensitivity_S_06_04_02_20_D1_rho065_tight_000_rm0_wsd060_rcd065,Threshold-EDD,scheme2_seed0_sensitivity_rm00_wsd060_rcd065,sensitivity,S,S_06_04_02_20,4,6,20,3,2,3,D1,0.65,0.65,tight,0.0,0.6,0.65,1180.8184848087087,,,True,0.95,91.27120965687995,23,1.0,0.0,0.0,0.5839134222931333,0.55,0.45,0.0,3.4794575755832473,7.9323399979330125,99,0.6917457999988983,0.0,
sensitivity_S_06_04_02_20_D1_rho065_tight_000_rm0_wsd060_rcd065,Bottleneck-Rule,scheme2_seed0_sensitivity_rm00_wsd060_rcd065,sensitivity,S,S_06_04_02_20,4,6,20,3,2,3,D1,0.65,0.65,tight,0.0,0.6,0.65,1180.8184848087087,,,True,0.95,91.27120965687995,23,1.0,0.0,0.0,0.5839134222931333,0.55,0.45,0.0,3.5634818182969488,7.92028999858303,99,0.7004110999987461,0.0,
sensitivity_S_06_04_02_20_D1_rho065_tight_000_rm0_wsd060_rcd065,RH-MILP,scheme2_seed0_sensitivity_rm00_wsd060_rcd065,sensitivity,S,S_06_04_02_20,4,6,20,3,2,3,D1,0.65,0.65,tight,0.0,0.6,0.65,979.8614366486455,,,True,0.9,92.98377805198183,21,1.0,0.0,0.0,0.5879432432579271,0.55,0.45,0.0,3.0250252525318024,6.29035000129079,99,0.6507622999997693,1.1368683772161603e-13,
sensitivity_S_06_04_02_20_D1_rho065_tight_000_rm0_wsd060_rcd065,RH-ALNS,scheme2_seed0_sensitivity_rm00_wsd060_rcd065,sensitivity,S,S_06_04_02_20,4,6,20,3,2,3,D1,0.65,0.65,tight,0.0,0.6,0.65,899.2554164638943,,,True,0.9,90.31008692795777,27,1.0,0.0,0.0,0.5776433276407646,0.5375,0.4625,0.0,2.6749838383914195,6.444530002045211,99,0.5860872999983258,2.2737367544323206e-13,
sensitivity_S_06_04_02_20_D1_rho065_tight_000_rm0_wsd060_rcd065,EGDM-HGPPO,scheme2_seed0_sensitivity_rm00_wsd060_rcd065,sensitivity,S,S_06_04_02_20,4,6,20,3,2,3,D1,0.65,0.65,tight,0.0,0.6,0.65,1073.7850805473477,,,True,0.9,93.59224339888836,17,0.8823529411764706,0.0,0.0,0.5938735179828875,0.575,0.425,0.0,38.94051801349137,39.02049166663346,99,4.266531583334657,4.547473508864641e-13,
sensitivity_S_06_04_02_20_D1_rho065_tight_000_rm0_wsd060_rcd065,MLP-PPO,scheme2_seed0_sensitivity_rm00_wsd060_rcd065,sensitivity,S,S_06_04_02_20,4,6,20,3,2,3,D1,0.65,0.65,tight,0.0,0.6,0.65,3000.1358487646785,,,True,1.0,147.1294799858961,43,1.186046511627907,0.0,0.0,0.6553166346116499,0.525,0.2875,0.1875,27.082344444450204,37.587818333546835,99,3.0807843999925058,4.547473508864641e-13,
sensitivity_S_06_04_02_20_D1_rho065_tight_000_rm0_wsd060_rcd065,GAT-PPO,scheme2_seed0_sensitivity_rm00_wsd060_rcd065,sensitivity,S,S_06_04_02_20,4,6,20,3,2,3,D1,0.65,0.65,tight,0.0,0.6,0.65,1841.3229605423944,,,True,0.85,118.54983007518307,3,0.3333333333333333,0.0,0.0,0.6773869347090673,0.6,0.375,0.025,32.85209882156619,51.910451666784255,99,3.646891983342964,4.547473508864641e-13,
sensitivity_S_06_04_02_20_D1_rho065_tight_000_rm0_wsd060_rcd065,HGT-PPO-Flat,scheme2_seed0_sensitivity_rm00_wsd060_rcd065,sensitivity,S,S_06_04_02_20,4,6,20,3,2,3,D1,0.65,0.65,tight,0.0,0.6,0.65,2253.2877564234,,,True,1.0,126.62783317873851,44,1.2727272727272727,0.0,0.0,0.6356429572057243,0.5625,0.35,0.0875,40.00792659933582,59.78113166681093,99,4.366213333351575,4.547473508864641e-13,
sensitivity_S_06_04_02_20_D1_rho065_tight_000_rm0_wsd060_rcd065,HGT-MAPPO,scheme2_seed0_sensitivity_rm00_wsd060_rcd065,sensitivity,S,S_06_04_02_20,4,6,20,3,2,3,D1,0.65,0.65,tight,0.0,0.6,0.65,1188.702100847164,,,True,0.9,93.4545209372826,39,0.9743589743589743,0.0,0.0,0.5793695687645614,0.55,0.425,0.025,30.343110269393527,45.304290000482645,99,3.330376016686083,6.821210263296962e-13,
sensitivity_S_07_04_04_35_D2_rho080_medium_000_rm0_wsd060_rcd065,Fixed-EDD,scheme2_seed0_sensitivity_rm00_wsd060_rcd065,sensitivity,S,S_07_04_04_35,4,7,35,5,4,3,D2,0.8,0.8,medium,0.0,0.6,0.65,5404.312982961351,,,True,0.8,154.6903504203737,0,0.0,0.0,0.0,0.18560512768240964,0.26153846153846155,0.06153846153846154,0.676923076923077,0.1680506097838544,0.40627499784022786,164,0.7547887999971863,9.094947017729282e-13,
sensitivity_S_07_04_04_35_D2_rho080_medium_000_rm0_wsd060_rcd065,Periodic-ATC,scheme2_seed0_sensitivity_rm00_wsd060_rcd065,sensitivity,S,S_07_04_04_35,4,7,35,5,4,3,D2,0.8,0.8,medium,0.0,0.6,0.65,2296.290603569331,,,True,0.8857142857142857,120.90971371896644,15,1.4666666666666666,0.0,0.0,0.3806252549061688,0.2923076923076923,0.14615384615384616,0.5615384615384615,1.3690286587228822,4.618689998460468,164,0.9124225000014121,4.547473508864641e-13,
sensitivity_S_07_04_04_35_D2_rho080_medium_000_rm0_wsd060_rcd065,Threshold-EDD,scheme2_seed0_sensitivity_rm00_wsd060_rcd065,sensitivity,S,S_07_04_04_35,4,7,35,5,4,3,D2,0.8,0.8,medium,0.0,0.6,0.65,4095.8082618093395,,,True,0.8857142857142857,139.04059513500212,27,1.1481481481481481,0.0,0.0,0.38636844587035296,0.2923076923076923,0.17692307692307693,0.5307692307692308,4.820706097522883,9.92079500156251,164,1.5008158000018739,0.0,
sensitivity_S_07_04_04_35_D2_rho080_medium_000_rm0_wsd060_rcd065,Bottleneck-Rule,scheme2_seed0_sensitivity_rm00_wsd060_rcd065,sensitivity,S,S_07_04_04_35,4,7,35,5,4,3,D2,0.8,0.8,medium,0.0,0.6,0.65,4095.8082618093395,,,True,0.8857142857142857,139.04059513500212,27,1.1481481481481481,0.0,0.0,0.38636844587035296,0.2923076923076923,0.17692307692307693,0.5307692307692308,4.874967073303152,9.413135002432682,164,1.5372740999991947,0.0,
sensitivity_S_07_04_04_35_D2_rho080_medium_000_rm0_wsd060_rcd065,RH-MILP,scheme2_seed0_sensitivity_rm00_wsd060_rcd065,sensitivity,S,S_07_04_04_35,4,7,35,5,4,3,D2,0.8,0.8,medium,0.0,0.6,0.65,3434.0126522198093,,,True,0.8857142857142857,138.98129075911905,28,1.2142857142857142,0.0,0.0,0.3132932633161545,0.2923076923076923,0.19230769230769232,0.5153846153846153,2.928801829290112,7.846410001911862,164,1.2689181000023382,4.547473508864641e-13,
sensitivity_S_07_04_04_35_D2_rho080_medium_000_rm0_wsd060_rcd065,RH-ALNS,scheme2_seed0_sensitivity_rm00_wsd060_rcd065,sensitivity,S,S_07_04_04_35,4,7,35,5,4,3,D2,0.8,0.8,medium,0.0,0.6,0.65,4213.5804291245695,,,True,0.8571428571428571,167.71861937904382,28,1.3571428571428572,0.0,0.0,0.41155802367663963,0.3,0.12307692307692308,0.5769230769230769,4.089254268475953,12.283745001514031,164,1.3576146000013978,9.094947017729282e-13,
sensitivity_S_07_04_04_35_D2_rho080_medium_000_rm0_wsd060_rcd065,EGDM-HGPPO,scheme2_seed0_sensitivity_rm00_wsd060_rcd065,sensitivity,S,S_07_04_04_35,4,7,35,5,4,3,D2,0.8,0.8,medium,0.0,0.6,0.65,3891.9135129963033,,,True,0.8,154.77236291686722,30,1.3333333333333333,0.0,0.0,0.3591014552498009,0.38461538461538464,0.24615384615384617,0.36923076923076925,40.84627575205049,47.79002400016907,164,7.56218542330571,9.094947017729282e-13,
sensitivity_S_07_04_04_35_D2_rho080_medium_000_rm0_wsd060_rcd065,MLP-PPO,scheme2_seed0_sensitivity_rm00_wsd060_rcd065,sensitivity,S,S_07_04_04_35,4,7,35,5,4,3,D2,0.8,0.8,medium,0.0,0.6,0.65,17529.576187451974,,,True,0.7714285714285715,423.94879592739227,98,1.7959183673469388,0.0,0.0,0.5583978927262673,0.3769230769230769,0.12307692307692308,0.5,36.14108512195425,73.07285699938801,164,6.78224726003197,3.637978807091713e-12,
sensitivity_S_07_04_04_35_D2_rho080_medium_000_rm0_wsd060_rcd065,GAT-PPO,scheme2_seed0_sensitivity_rm00_wsd060_rcd065,sensitivity,S,S_07_04_04_35,4,7,35,5,4,3,D2,0.8,0.8,medium,0.0,0.6,0.65,4695.407535076191,,,True,0.7142857142857143,144.83597025725288,12,0.9166666666666666,0.0,0.0,0.30067304376421905,0.38461538461538464,0.16923076923076924,0.4461538461538462,36.30062380082201,58.366037999694505,164,6.797288403379087,9.094947017729282e-13,
sensitivity_S_07_04_04_35_D2_rho080_medium_000_rm0_wsd060_rcd065,HGT-PPO-Flat,scheme2_seed0_sensitivity_rm00_wsd060_rcd065,sensitivity,S,S_07_04_04_35,4,7,35,5,4,3,D2,0.8,0.8,medium,0.0,0.6,0.65,14688.43298474379,,,True,0.8857142857142857,288.8250666302906,81,1.8024691358024691,0.0,0.0,0.45424368704964474,0.3,0.17692307692307693,0.5230769230769231,47.9075041057084,74.33035099966219,164,8.721532473293575,1.8189894035458565e-12,
sensitivity_S_07_04_04_35_D2_rho080_medium_000_rm0_wsd060_rcd065,HGT-MAPPO,scheme2_seed0_sensitivity_rm00_wsd060_rcd065,sensitivity,S,S_07_04_04_35,4,7,35,5,4,3,D2,0.8,0.8,medium,0.0,0.6,0.65,4143.921181351415,,,True,0.6571428571428571,137.50966227521602,40,1.45,0.0,0.0,0.4025850787122802,0.2923076923076923,0.27692307692307694,0.4307692307692308,35.99643302846536,62.285332500559875,164,6.583194716671884,0.0,
