record_type,key,i,j,k,l,value,value2,value3,text
META,instance_id,,,,,,,,"""sensitivity_M_08_06_04_40_D3_rho095_loose_000_rm2_wsd075_rcd050"""
META,scale,,,,,,,,"""M"""
META,scenario,,,,,,,,"""D3"""
META,generation_seed,,,,,,,,2994591497
META,target_load_ratio,,,,,,,,0.95
META,due_tightness,,,,,,,,"""loose"""
META,worker_skill_density,,,,,,,,0.75
META,robot_capability_density,,,,,,,,0.5
META,relocation_multiplier,,,,,,,,2.0
META,num_stages,,,,,,,,6
META,generation_meta,,,,,,,,"{""paper_vs_implementation"":{""paper_specified"":[""scale ranges"",""70-100% route coverage"",""processing/efficiency/synergy distributions"",""skill/capability density choices"",""D1-D5 qualitative scenario definitions"",""load-ratio choices"",""weight distribution"",""due-date-factor ranges"",""relocation-time ranges"",""load-balance initial configuration with random perturbation""],""implementation_choices"":{""arrival_rate_calibration"":""work_content_over_effective_parallel_servers"",""same_stage_cells_are_adjacent"":true,""initial_configuration_perturbation_rate"":0.15,""scenario_timing_basis"":""order_index_fraction"",""base_product_mix"":""uniform""}},""base_arrival_rate_orders_per_minute"":0.13822286104953418,""effective_parallel_servers_for_load_calibration"":8,""mean_minimum_route_work_minutes"":54.983668709305825,""actual_hr_compatibility_rate_parameter"":0.7842511761941195,""actual_worker_skill_density"":0.7,""actual_robot_capability_density"":0.5416666666666666,""instance_parameter_table"":{""scale"":""M"",""M"":8,""S"":6,""R"":4,""J"":40,""H"":5,""V"":4,""parameter_case_id"":""M_08_06_04_40""},""parameter_case_id"":""M_08_06_04_40"",""dimensions"":{""S"":6,""M"":8,""J"":40,""H"":5,""R"":4,""V"":4},""scenario_parameters"":{""timing_basis"":""order_index_fraction"",""base_product_mix"":""uniform"",""d2_sampled_burst_multiplier"":null,""d2_burst_window"":[0.4,0.7],""d3_mix_switch_ratio"":0.5,""d3_dominant_product_sequence"":[0,1],""d4_change_ratios"":[0.33,0.67],""d4_arrival_rate_multipliers"":[1.0,1.75,1.25],""d4_dominant_product_sequence"":[0,1,2],""d5_urgent_index_window"":[18,22],""d5_urgent_arrival_rate_multiplier"":3.0,""d5_urgent_dominant_product"":1,""dominant_product_share"":0.7},""route_stage_coverage"":[0.7,1.0],""min_multi_cell_stage_ratio"":0.3}"
CELL,,0,0,,,,,,
CELL,,1,0,,,,,,
CELL,,2,1,,,,,,
CELL,,3,2,,,,,,
CELL,,4,2,,,,,,
CELL,,5,3,,,,,,
CELL,,6,4,,,,,,
CELL,,7,5,,,,,,
ROUTE,,0,0,0,,,,,
ROUTE,,0,1,1,,,,,
ROUTE,,0,2,2,,,,,
ROUTE,,0,3,3,,,,,
ROUTE,,0,4,4,,,,,
ROUTE,,0,5,5,,,,,
ROUTE,,1,0,0,,,,,
ROUTE,,1,1,1,,,,,
ROUTE,,1,2,2,,,,,
ROUTE,,1,3,3,,,,,
ROUTE,,1,4,4,,,,,
ROUTE,,1,5,5,,,,,
ROUTE,,2,0,0,,,,,
ROUTE,,2,1,1,,,,,
ROUTE,,2,2,3,,,,,
ROUTE,,2,3,4,,,,,
ROUTE,,2,4,5,,,,,
ROUTE,,3,0,0,,,,,
ROUTE,,3,1,1,,,,,
ROUTE,,3,2,2,,,,,
ROUTE,,3,3,3,,,,,
ROUTE,,3,4,4,,,,,
ROUTE,,3,5,5,,,,,
BASE_PROCESS,,0,0,,,14.054777396784445,,,
BASE_PROCESS,,0,1,,,14.680815148436322,,,
BASE_PROCESS,,0,2,,,14.144837122484784,,,
BASE_PROCESS,,0,3,,,15.100336209666724,,,
BASE_PROCESS,,0,4,,,9.198738675596653,,,
BASE_PROCESS,,0,5,,,12.70503572248265,,,
BASE_PROCESS,,1,0,,,23.04792255853011,,,
BASE_PROCESS,,1,1,,,13.283595846396214,,,
BASE_PROCESS,,1,2,,,8.436220953164783,,,
BASE_PROCESS,,1,3,,,11.66430057054982,,,
BASE_PROCESS,,1,4,,,18.54989222876026,,,
BASE_PROCESS,,1,5,,,19.24265477167832,,,
BASE_PROCESS,,2,0,,,8.350019610521604,,,
BASE_PROCESS,,2,1,,,16.518760808462716,,,
BASE_PROCESS,,2,2,,,23.26068832114335,,,
BASE_PROCESS,,2,3,,,16.973978073598456,,,
BASE_PROCESS,,2,4,,,16.848220780151664,,,
BASE_PROCESS,,2,5,,,13.208813076950275,,,
BASE_PROCESS,,3,0,,,22.575012629255177,,,
BASE_PROCESS,,3,1,,,23.238234721388004,,,
BASE_PROCESS,,3,2,,,18.635560932629605,,,
BASE_PROCESS,,3,3,,,17.108213395234312,,,
BASE_PROCESS,,3,4,,,14.522693354128386,,,
BASE_PROCESS,,3,5,,,14.850664330576661,,,
WORKER_SKILL,,0,0,,,1,,,
WORKER_SKILL,,0,1,,,0,,,
WORKER_SKILL,,0,2,,,1,,,
WORKER_SKILL,,0,3,,,0,,,
WORKER_SKILL,,0,4,,,0,,,
WORKER_SKILL,,0,5,,,1,,,
WORKER_SKILL,,1,0,,,1,,,
WORKER_SKILL,,1,1,,,1,,,
WORKER_SKILL,,1,2,,,0,,,
WORKER_SKILL,,1,3,,,1,,,
WORKER_SKILL,,1,4,,,1,,,
WORKER_SKILL,,1,5,,,1,,,
WORKER_SKILL,,2,0,,,0,,,
WORKER_SKILL,,2,1,,,1,,,
WORKER_SKILL,,2,2,,,0,,,
WORKER_SKILL,,2,3,,,0,,,
WORKER_SKILL,,2,4,,,1,,,
WORKER_SKILL,,2,5,,,1,,,
WORKER_SKILL,,3,0,,,1,,,
WORKER_SKILL,,3,1,,,1,,,
WORKER_SKILL,,3,2,,,1,,,
WORKER_SKILL,,3,3,,,0,,,
WORKER_SKILL,,3,4,,,1,,,
WORKER_SKILL,,3,5,,,0,,,
WORKER_SKILL,,4,0,,,1,,,
WORKER_SKILL,,4,1,,,1,,,
WORKER_SKILL,,4,2,,,1,,,
WORKER_SKILL,,4,3,,,1,,,
WORKER_SKILL,,4,4,,,1,,,
WORKER_SKILL,,4,5,,,1,,,
WORKER_EFF,,0,0,,,0.8596541485159445,,,
WORKER_EFF,,0,1,,,1.0531655351893212,,,
WORKER_EFF,,0,2,,,0.916751001944117,,,
WORKER_EFF,,0,3,,,0.9769300711518043,,,
WORKER_EFF,,0,4,,,1.084876202293523,,,
WORKER_EFF,,0,5,,,0.8067327787926625,,,
WORKER_EFF,,1,0,,,1.0861277490907657,,,
WORKER_EFF,,1,1,,,0.9307598231010772,,,
WORKER_EFF,,1,2,,,1.1398064509856738,,,
WORKER_EFF,,1,3,,,1.0592509873461653,,,
WORKER_EFF,,1,4,,,1.1214702265541647,,,
WORKER_EFF,,1,5,,,0.9362634153268092,,,
WORKER_EFF,,2,0,,,1.0110722457022563,,,
WORKER_EFF,,2,1,,,0.8910963990584789,,,
WORKER_EFF,,2,2,,,0.9926838171905931,,,
WORKER_EFF,,2,3,,,0.9607903163956469,,,
WORKER_EFF,,2,4,,,0.8407172133920695,,,
WORKER_EFF,,2,5,,,1.1654533197669066,,,
WORKER_EFF,,3,0,,,0.8290284204899803,,,
WORKER_EFF,,3,1,,,0.9731186245677013,,,
WORKER_EFF,,3,2,,,0.8206144034984078,,,
WORKER_EFF,,3,3,,,1.1920875991570457,,,
WORKER_EFF,,3,4,,,0.8137313786470277,,,
WORKER_EFF,,3,5,,,0.9726409414626558,,,
WORKER_EFF,,4,0,,,1.0509055184703924,,,
WORKER_EFF,,4,1,,,1.1131648517665014,,,
WORKER_EFF,,4,2,,,1.1677262854004276,,,
WORKER_EFF,,4,3,,,1.1857693646824292,,,
WORKER_EFF,,4,4,,,1.1601718570172985,,,
WORKER_EFF,,4,5,,,0.987520131084021,,,
ROBOT_CAP,,0,0,,,1,,,
ROBOT_CAP,,0,1,,,1,,,
ROBOT_CAP,,0,2,,,0,,,
ROBOT_CAP,,0,3,,,0,,,
ROBOT_CAP,,0,4,,,1,,,
ROBOT_CAP,,0,5,,,1,,,
ROBOT_CAP,,1,0,,,0,,,
ROBOT_CAP,,1,1,,,1,,,
ROBOT_CAP,,1,2,,,1,,,
ROBOT_CAP,,1,3,,,0,,,
ROBOT_CAP,,1,4,,,1,,,
ROBOT_CAP,,1,5,,,1,,,
ROBOT_CAP,,2,0,,,1,,,
ROBOT_CAP,,2,1,,,0,,,
ROBOT_CAP,,2,2,,,0,,,
ROBOT_CAP,,2,3,,,1,,,
ROBOT_CAP,,2,4,,,0,,,
ROBOT_CAP,,2,5,,,1,,,
ROBOT_CAP,,3,0,,,1,,,
ROBOT_CAP,,3,1,,,0,,,
ROBOT_CAP,,3,2,,,0,,,
ROBOT_CAP,,3,3,,,0,,,
ROBOT_CAP,,3,4,,,0,,,
ROBOT_CAP,,3,5,,,1,,,
ROBOT_EFF,,0,0,,,0.9460331227679183,,,
ROBOT_EFF,,0,1,,,1.0331115873238783,,,
ROBOT_EFF,,0,2,,,0.959672531689977,,,
ROBOT_EFF,,0,3,,,1.105755345692389,,,
ROBOT_EFF,,0,4,,,0.9257959981333386,,,
ROBOT_EFF,,0,5,,,1.2693042525569993,,,
ROBOT_EFF,,1,0,,,1.12735935700804,,,
ROBOT_EFF,,1,1,,,1.1507794379485243,,,
ROBOT_EFF,,1,2,,,0.8963449659810637,,,
ROBOT_EFF,,1,3,,,0.8579460202144479,,,
ROBOT_EFF,,1,4,,,1.2800231549992402,,,
ROBOT_EFF,,1,5,,,0.9823839724989056,,,
ROBOT_EFF,,2,0,,,1.1422812124902173,,,
ROBOT_EFF,,2,1,,,1.130707351837939,,,
ROBOT_EFF,,2,2,,,0.8902610119558241,,,
ROBOT_EFF,,2,3,,,1.221260794489929,,,
ROBOT_EFF,,2,4,,,1.0796544485895418,,,
ROBOT_EFF,,2,5,,,1.1396417636498333,,,
ROBOT_EFF,,3,0,,,0.9799245792097141,,,
ROBOT_EFF,,3,1,,,1.1213630109856947,,,
ROBOT_EFF,,3,2,,,0.9936384825720646,,,
ROBOT_EFF,,3,3,,,0.9101793345824832,,,
ROBOT_EFF,,3,4,,,1.2450017435708942,,,
ROBOT_EFF,,3,5,,,1.2005511866977596,,,
HR_COMPAT,,0,0,0,,1,,,
HR_SYNERGY,,0,0,0,,0.8866162042266125,,,
HR_COMPAT,,0,0,1,,0,,,
HR_SYNERGY,,0,0,1,,0.7484993265945863,,,
HR_COMPAT,,0,0,2,,0,,,
HR_SYNERGY,,0,0,2,,0.7294566128752878,,,
HR_COMPAT,,0,0,3,,0,,,
HR_SYNERGY,,0,0,3,,0.674201697191214,,,
HR_COMPAT,,0,0,4,,0,,,
HR_SYNERGY,,0,0,4,,0.7699788713633994,,,
HR_COMPAT,,0,0,5,,1,,,
HR_SYNERGY,,0,0,5,,0.8062651622241743,,,
HR_COMPAT,,0,1,0,,0,,,
HR_SYNERGY,,0,1,0,,0.8796317180168698,,,
HR_COMPAT,,0,1,1,,0,,,
HR_SYNERGY,,0,1,1,,0.8305868144290404,,,
HR_COMPAT,,0,1,2,,0,,,
HR_SYNERGY,,0,1,2,,0.8564037875295855,,,
HR_COMPAT,,0,1,3,,0,,,
HR_SYNERGY,,0,1,3,,0.6878953539496575,,,
HR_COMPAT,,0,1,4,,0,,,
HR_SYNERGY,,0,1,4,,0.7575455005375156,,,
HR_COMPAT,,0,1,5,,1,,,
HR_SYNERGY,,0,1,5,,0.747506823508365,,,
HR_COMPAT,,0,2,0,,1,,,
HR_SYNERGY,,0,2,0,,0.7041404212483083,,,
HR_COMPAT,,0,2,1,,0,,,
HR_SYNERGY,,0,2,1,,0.6837951557761789,,,
HR_COMPAT,,0,2,2,,0,,,
HR_SYNERGY,,0,2,2,,0.8232093698641934,,,
HR_COMPAT,,0,2,3,,0,,,
HR_SYNERGY,,0,2,3,,0.8688444731159293,,,
HR_COMPAT,,0,2,4,,0,,,
HR_SYNERGY,,0,2,4,,0.6690793985007537,,,
HR_COMPAT,,0,2,5,,1,,,
HR_SYNERGY,,0,2,5,,0.7638419242864377,,,
HR_COMPAT,,0,3,0,,1,,,
HR_SYNERGY,,0,3,0,,0.6758514156797018,,,
HR_COMPAT,,0,3,1,,0,,,
HR_SYNERGY,,0,3,1,,0.8171152815654192,,,
HR_COMPAT,,0,3,2,,0,,,
HR_SYNERGY,,0,3,2,,0.7815120561175485,,,
HR_COMPAT,,0,3,3,,0,,,
HR_SYNERGY,,0,3,3,,0.6551241854055533,,,
HR_COMPAT,,0,3,4,,0,,,
HR_SYNERGY,,0,3,4,,0.6615356230530943,,,
HR_COMPAT,,0,3,5,,1,,,
HR_SYNERGY,,0,3,5,,0.8917544417006145,,,
HR_COMPAT,,1,0,0,,1,,,
HR_SYNERGY,,1,0,0,,0.8689829795254167,,,
HR_COMPAT,,1,0,1,,1,,,
HR_SYNERGY,,1,0,1,,0.8842496810572961,,,
HR_COMPAT,,1,0,2,,0,,,
HR_SYNERGY,,1,0,2,,0.7188603188714509,,,
HR_COMPAT,,1,0,3,,0,,,
HR_SYNERGY,,1,0,3,,0.6713633867068515,,,
HR_COMPAT,,1,0,4,,1,,,
HR_SYNERGY,,1,0,4,,0.6517453407562732,,,
HR_COMPAT,,1,0,5,,1,,,
HR_SYNERGY,,1,0,5,,0.7471667198770708,,,
HR_COMPAT,,1,1,0,,0,,,
HR_SYNERGY,,1,1,0,,0.6702149424571797,,,
HR_COMPAT,,1,1,1,,1,,,
HR_SYNERGY,,1,1,1,,0.6769774653188493,,,
HR_COMPAT,,1,1,2,,0,,,
HR_SYNERGY,,1,1,2,,0.8859776512366514,,,
HR_COMPAT,,1,1,3,,0,,,
HR_SYNERGY,,1,1,3,,0.6845956423744693,,,
HR_COMPAT,,1,1,4,,1,,,
HR_SYNERGY,,1,1,4,,0.8790397525782923,,,
HR_COMPAT,,1,1,5,,1,,,
HR_SYNERGY,,1,1,5,,0.7980979187806068,,,
HR_COMPAT,,1,2,0,,1,,,
HR_SYNERGY,,1,2,0,,0.8290206800455755,,,
HR_COMPAT,,1,2,1,,0,,,
HR_SYNERGY,,1,2,1,,0.7294595686431415,,,
HR_COMPAT,,1,2,2,,0,,,
HR_SYNERGY,,1,2,2,,0.8000314169842871,,,
HR_COMPAT,,1,2,3,,1,,,
HR_SYNERGY,,1,2,3,,0.7941119382371233,,,
HR_COMPAT,,1,2,4,,0,,,
HR_SYNERGY,,1,2,4,,0.7907332045756756,,,
HR_COMPAT,,1,2,5,,1,,,
HR_SYNERGY,,1,2,5,,0.7125805985411517,,,
HR_COMPAT,,1,3,0,,1,,,
HR_SYNERGY,,1,3,0,,0.7567038881294154,,,
HR_COMPAT,,1,3,1,,0,,,
HR_SYNERGY,,1,3,1,,0.8779529155335011,,,
HR_COMPAT,,1,3,2,,0,,,
HR_SYNERGY,,1,3,2,,0.8891294830118049,,,
HR_COMPAT,,1,3,3,,0,,,
HR_SYNERGY,,1,3,3,,0.8354082291939092,,,
HR_COMPAT,,1,3,4,,0,,,
HR_SYNERGY,,1,3,4,,0.8545453702920699,,,
HR_COMPAT,,1,3,5,,1,,,
HR_SYNERGY,,1,3,5,,0.8863032690768491,,,
HR_COMPAT,,2,0,0,,0,,,
HR_SYNERGY,,2,0,0,,0.6865706176365796,,,
HR_COMPAT,,2,0,1,,1,,,
HR_SYNERGY,,2,0,1,,0.888941372216108,,,
HR_COMPAT,,2,0,2,,0,,,
HR_SYNERGY,,2,0,2,,0.7350811003194366,,,
HR_COMPAT,,2,0,3,,0,,,
HR_SYNERGY,,2,0,3,,0.8722750131755787,,,
HR_COMPAT,,2,0,4,,1,,,
HR_SYNERGY,,2,0,4,,0.7020488955494756,,,
HR_COMPAT,,2,0,5,,0,,,
HR_SYNERGY,,2,0,5,,0.6530098612150532,,,
HR_COMPAT,,2,1,0,,0,,,
HR_SYNERGY,,2,1,0,,0.8361883859588014,,,
HR_COMPAT,,2,1,1,,1,,,
HR_SYNERGY,,2,1,1,,0.705682473099538,,,
HR_COMPAT,,2,1,2,,0,,,
HR_SYNERGY,,2,1,2,,0.6933634683106858,,,
HR_COMPAT,,2,1,3,,0,,,
HR_SYNERGY,,2,1,3,,0.8058178601497579,,,
HR_COMPAT,,2,1,4,,1,,,
HR_SYNERGY,,2,1,4,,0.8404274811784749,,,
HR_COMPAT,,2,1,5,,1,,,
HR_SYNERGY,,2,1,5,,0.7452557648032648,,,
HR_COMPAT,,2,2,0,,0,,,
HR_SYNERGY,,2,2,0,,0.7548114660211412,,,
HR_COMPAT,,2,2,1,,0,,,
HR_SYNERGY,,2,2,1,,0.880269938035009,,,
HR_COMPAT,,2,2,2,,0,,,
HR_SYNERGY,,2,2,2,,0.737183017575787,,,
HR_COMPAT,,2,2,3,,0,,,
HR_SYNERGY,,2,2,3,,0.7575204978925225,,,
HR_COMPAT,,2,2,4,,0,,,
HR_SYNERGY,,2,2,4,,0.8156198136607662,,,
HR_COMPAT,,2,2,5,,1,,,
HR_SYNERGY,,2,2,5,,0.7930558579103874,,,
HR_COMPAT,,2,3,0,,0,,,
HR_SYNERGY,,2,3,0,,0.7863593160529988,,,
HR_COMPAT,,2,3,1,,0,,,
HR_SYNERGY,,2,3,1,,0.8396869814544542,,,
HR_COMPAT,,2,3,2,,0,,,
HR_SYNERGY,,2,3,2,,0.7650206328379123,,,
HR_COMPAT,,2,3,3,,0,,,
HR_SYNERGY,,2,3,3,,0.8126378685542497,,,
HR_COMPAT,,2,3,4,,0,,,
HR_SYNERGY,,2,3,4,,0.8425673974759764,,,
HR_COMPAT,,2,3,5,,1,,,
HR_SYNERGY,,2,3,5,,0.7138774815742813,,,
HR_COMPAT,,3,0,0,,1,,,
HR_SYNERGY,,3,0,0,,0.8267645702385928,,,
HR_COMPAT,,3,0,1,,1,,,
HR_SYNERGY,,3,0,1,,0.8727379300971396,,,
HR_COMPAT,,3,0,2,,0,,,
HR_SYNERGY,,3,0,2,,0.8663349737272314,,,
HR_COMPAT,,3,0,3,,0,,,
HR_SYNERGY,,3,0,3,,0.8768023624190756,,,
HR_COMPAT,,3,0,4,,0,,,
HR_SYNERGY,,3,0,4,,0.8317451304386547,,,
HR_COMPAT,,3,0,5,,0,,,
HR_SYNERGY,,3,0,5,,0.7209252043119488,,,
HR_COMPAT,,3,1,0,,0,,,
HR_SYNERGY,,3,1,0,,0.6591338324570832,,,
HR_COMPAT,,3,1,1,,1,,,
HR_SYNERGY,,3,1,1,,0.8694381573873864,,,
HR_COMPAT,,3,1,2,,1,,,
HR_SYNERGY,,3,1,2,,0.7264555565451516,,,
HR_COMPAT,,3,1,3,,0,,,
HR_SYNERGY,,3,1,3,,0.7667442449587976,,,
HR_COMPAT,,3,1,4,,1,,,
HR_SYNERGY,,3,1,4,,0.8159733199546136,,,
HR_COMPAT,,3,1,5,,0,,,
HR_SYNERGY,,3,1,5,,0.7009247543499336,,,
HR_COMPAT,,3,2,0,,1,,,
HR_SYNERGY,,3,2,0,,0.7370877150451842,,,
HR_COMPAT,,3,2,1,,0,,,
HR_SYNERGY,,3,2,1,,0.8244993022970286,,,
HR_COMPAT,,3,2,2,,0,,,
HR_SYNERGY,,3,2,2,,0.6543947745430232,,,
HR_COMPAT,,3,2,3,,0,,,
HR_SYNERGY,,3,2,3,,0.8975431620251171,,,
HR_COMPAT,,3,2,4,,0,,,
HR_SYNERGY,,3,2,4,,0.8176959553243057,,,
HR_COMPAT,,3,2,5,,0,,,
HR_SYNERGY,,3,2,5,,0.6702869550516511,,,
HR_COMPAT,,3,3,0,,1,,,
HR_SYNERGY,,3,3,0,,0.7406387494441471,,,
HR_COMPAT,,3,3,1,,0,,,
HR_SYNERGY,,3,3,1,,0.7039877898459124,,,
HR_COMPAT,,3,3,2,,0,,,
HR_SYNERGY,,3,3,2,,0.6593659756617849,,,
HR_COMPAT,,3,3,3,,0,,,
HR_SYNERGY,,3,3,3,,0.6674438285348252,,,
HR_COMPAT,,3,3,4,,0,,,
HR_SYNERGY,,3,3,4,,0.7929756326524736,,,
HR_COMPAT,,3,3,5,,0,,,
HR_SYNERGY,,3,3,5,,0.8834847698284594,,,
HR_COMPAT,,4,0,0,,0,,,
HR_SYNERGY,,4,0,0,,0.7663021603334061,,,
HR_COMPAT,,4,0,1,,1,,,
HR_SYNERGY,,4,0,1,,0.7639191144107459,,,
HR_COMPAT,,4,0,2,,0,,,
HR_SYNERGY,,4,0,2,,0.7640220775097765,,,
HR_COMPAT,,4,0,3,,0,,,
HR_SYNERGY,,4,0,3,,0.7227819510411049,,,
HR_COMPAT,,4,0,4,,1,,,
HR_SYNERGY,,4,0,4,,0.7409024908126408,,,
HR_COMPAT,,4,0,5,,1,,,
HR_SYNERGY,,4,0,5,,0.8358053752107342,,,
HR_COMPAT,,4,1,0,,0,,,
HR_SYNERGY,,4,1,0,,0.6535236672339818,,,
HR_COMPAT,,4,1,1,,0,,,
HR_SYNERGY,,4,1,1,,0.833405615855546,,,
HR_COMPAT,,4,1,2,,1,,,
HR_SYNERGY,,4,1,2,,0.8393905729814645,,,
HR_COMPAT,,4,1,3,,0,,,
HR_SYNERGY,,4,1,3,,0.7467454691981894,,,
HR_COMPAT,,4,1,4,,0,,,
HR_SYNERGY,,4,1,4,,0.7970659357121526,,,
HR_COMPAT,,4,1,5,,1,,,
HR_SYNERGY,,4,1,5,,0.7961387413961886,,,
HR_COMPAT,,4,2,0,,1,,,
HR_SYNERGY,,4,2,0,,0.7446517821781815,,,
HR_COMPAT,,4,2,1,,0,,,
HR_SYNERGY,,4,2,1,,0.8832678979697812,,,
HR_COMPAT,,4,2,2,,0,,,
HR_SYNERGY,,4,2,2,,0.7574832051579933,,,
HR_COMPAT,,4,2,3,,1,,,
HR_SYNERGY,,4,2,3,,0.7798281086361912,,,
HR_COMPAT,,4,2,4,,0,,,
HR_SYNERGY,,4,2,4,,0.8856295338927349,,,
HR_COMPAT,,4,2,5,,1,,,
HR_SYNERGY,,4,2,5,,0.7251491233263574,,,
HR_COMPAT,,4,3,0,,0,,,
HR_SYNERGY,,4,3,0,,0.7993751366181352,,,
HR_COMPAT,,4,3,1,,0,,,
HR_SYNERGY,,4,3,1,,0.8795792751866232,,,
HR_COMPAT,,4,3,2,,0,,,
HR_SYNERGY,,4,3,2,,0.815181394298585,,,
HR_COMPAT,,4,3,3,,0,,,
HR_SYNERGY,,4,3,3,,0.7270613847239875,,,
HR_COMPAT,,4,3,4,,0,,,
HR_SYNERGY,,4,3,4,,0.70322707329856,,,
HR_COMPAT,,4,3,5,,0,,,
HR_SYNERGY,,4,3,5,,0.7604242563731379,,,
WORKER_RELOC,,0,0,0,,0.0,,,
WORKER_RELOC,,0,0,1,,2.311468508264583,,,
WORKER_RELOC,,0,0,2,,6.513402030529627,,,
WORKER_RELOC,,0,0,3,,6.032030751424042,,,
WORKER_RELOC,,0,0,4,,13.589714894312642,,,
WORKER_RELOC,,0,0,5,,12.277833965986948,,,
WORKER_RELOC,,0,0,6,,9.411131522781034,,,
WORKER_RELOC,,0,0,7,,8.961819958347185,,,
WORKER_RELOC,,0,1,0,,4.328320986112624,,,
WORKER_RELOC,,0,1,1,,0.0,,,
WORKER_RELOC,,0,1,2,,13.052702773830784,,,
WORKER_RELOC,,0,1,3,,12.532865445593373,,,
WORKER_RELOC,,0,1,4,,8.19014840117452,,,
WORKER_RELOC,,0,1,5,,13.643838308456267,,,
WORKER_RELOC,,0,1,6,,10.887513667301082,,,
WORKER_RELOC,,0,1,7,,14.997824980259846,,,
WORKER_RELOC,,0,2,0,,8.77970270931869,,,
WORKER_RELOC,,0,2,1,,10.266080738113029,,,
WORKER_RELOC,,0,2,2,,0.0,,,
WORKER_RELOC,,0,2,3,,7.310225590616033,,,
WORKER_RELOC,,0,2,4,,10.382737662435634,,,
WORKER_RELOC,,0,2,5,,15.061689933813469,,,
WORKER_RELOC,,0,2,6,,10.531308020034613,,,
WORKER_RELOC,,0,2,7,,8.946494280085801,,,
WORKER_RELOC,,0,3,0,,9.536759543819397,,,
WORKER_RELOC,,0,3,1,,14.255638412360499,,,
WORKER_RELOC,,0,3,2,,10.166284218600696,,,
WORKER_RELOC,,0,3,3,,0.0,,,
WORKER_RELOC,,0,3,4,,5.10662455870641,,,
WORKER_RELOC,,0,3,5,,14.234854361613781,,,
WORKER_RELOC,,0,3,6,,7.315069645183646,,,
WORKER_RELOC,,0,3,7,,11.476032150011605,,,
WORKER_RELOC,,0,4,0,,13.526745121298912,,,
WORKER_RELOC,,0,4,1,,9.388224461619611,,,
WORKER_RELOC,,0,4,2,,10.416608957641646,,,
WORKER_RELOC,,0,4,3,,4.743690413815381,,,
WORKER_RELOC,,0,4,4,,0.0,,,
WORKER_RELOC,,0,4,5,,6.992281895570852,,,
WORKER_RELOC,,0,4,6,,15.344311311805809,,,
WORKER_RELOC,,0,4,7,,13.690283900193801,,,
WORKER_RELOC,,0,5,0,,11.328920703907714,,,
WORKER_RELOC,,0,5,1,,12.06876727715682,,,
WORKER_RELOC,,0,5,2,,14.479533649707765,,,
WORKER_RELOC,,0,5,3,,10.851930018152817,,,
WORKER_RELOC,,0,5,4,,14.164654584193817,,,
WORKER_RELOC,,0,5,5,,0.0,,,
WORKER_RELOC,,0,5,6,,12.328266100766083,,,
WORKER_RELOC,,0,5,7,,10.77439501834225,,,
WORKER_RELOC,,0,6,0,,9.207333979290468,,,
WORKER_RELOC,,0,6,1,,7.967587871420423,,,
WORKER_RELOC,,0,6,2,,13.215752479990996,,,
WORKER_RELOC,,0,6,3,,15.374816751165568,,,
WORKER_RELOC,,0,6,4,,8.497850750788437,,,
WORKER_RELOC,,0,6,5,,7.367923665705723,,,
WORKER_RELOC,,0,6,6,,0.0,,,
WORKER_RELOC,,0,6,7,,6.44408491803193,,,
WORKER_RELOC,,0,7,0,,11.227617711117748,,,
WORKER_RELOC,,0,7,1,,11.485662322176552,,,
WORKER_RELOC,,0,7,2,,13.922842157738994,,,
WORKER_RELOC,,0,7,3,,10.766959589531243,,,
WORKER_RELOC,,0,7,4,,15.88588900918307,,,
WORKER_RELOC,,0,7,5,,11.66111313584952,,,
WORKER_RELOC,,0,7,6,,8.196585307391665,,,
WORKER_RELOC,,0,7,7,,0.0,,,
WORKER_RELOC,,1,0,0,,0.0,,,
WORKER_RELOC,,1,0,1,,2.700619030295747,,,
WORKER_RELOC,,1,0,2,,10.722556420461235,,,
WORKER_RELOC,,1,0,3,,10.403308295735402,,,
WORKER_RELOC,,1,0,4,,13.739243515744487,,,
WORKER_RELOC,,1,0,5,,10.133363478101861,,,
WORKER_RELOC,,1,0,6,,8.916805167434255,,,
WORKER_RELOC,,1,0,7,,13.70982798283461,,,
WORKER_RELOC,,1,1,0,,3.6550462141906754,,,
WORKER_RELOC,,1,1,1,,0.0,,,
WORKER_RELOC,,1,1,2,,14.851572916581539,,,
WORKER_RELOC,,1,1,3,,8.995642554598627,,,
WORKER_RELOC,,1,1,4,,6.063015594143834,,,
WORKER_RELOC,,1,1,5,,15.319862471108687,,,
WORKER_RELOC,,1,1,6,,15.29961240864131,,,
WORKER_RELOC,,1,1,7,,11.844987218461352,,,
WORKER_RELOC,,1,2,0,,6.068495681532288,,,
WORKER_RELOC,,1,2,1,,7.965279016513658,,,
WORKER_RELOC,,1,2,2,,0.0,,,
WORKER_RELOC,,1,2,3,,9.970908212514132,,,
WORKER_RELOC,,1,2,4,,8.647179893974968,,,
WORKER_RELOC,,1,2,5,,11.98323740656886,,,
WORKER_RELOC,,1,2,6,,13.587445362255202,,,
WORKER_RELOC,,1,2,7,,7.648194547825003,,,
WORKER_RELOC,,1,3,0,,9.15434645706765,,,
WORKER_RELOC,,1,3,1,,8.466329738414608,,,
WORKER_RELOC,,1,3,2,,7.151532198628646,,,
WORKER_RELOC,,1,3,3,,0.0,,,
WORKER_RELOC,,1,3,4,,3.298717610069543,,,
WORKER_RELOC,,1,3,5,,11.175581215016653,,,
WORKER_RELOC,,1,3,6,,9.429440990420694,,,
WORKER_RELOC,,1,3,7,,12.195871674674509,,,
WORKER_RELOC,,1,4,0,,11.39312825120646,,,
WORKER_RELOC,,1,4,1,,11.411059446423838,,,
WORKER_RELOC,,1,4,2,,6.9012241639828735,,,
WORKER_RELOC,,1,4,3,,3.914314749670683,,,
WORKER_RELOC,,1,4,4,,0.0,,,
WORKER_RELOC,,1,4,5,,14.523945249761884,,,
WORKER_RELOC,,1,4,6,,12.030485166521249,,,
WORKER_RELOC,,1,4,7,,9.048154613925577,,,
WORKER_RELOC,,1,5,0,,15.12511398400191,,,
WORKER_RELOC,,1,5,1,,11.105959369086849,,,
WORKER_RELOC,,1,5,2,,9.145232928180484,,,
WORKER_RELOC,,1,5,3,,6.18413528888067,,,
WORKER_RELOC,,1,5,4,,13.205212757613738,,,
WORKER_RELOC,,1,5,5,,0.0,,,
WORKER_RELOC,,1,5,6,,9.945270190054565,,,
WORKER_RELOC,,1,5,7,,7.611361178835885,,,
WORKER_RELOC,,1,6,0,,13.573293292159313,,,
WORKER_RELOC,,1,6,1,,11.018282281033114,,,
WORKER_RELOC,,1,6,2,,13.82912203425889,,,
WORKER_RELOC,,1,6,3,,15.457324376417565,,,
WORKER_RELOC,,1,6,4,,8.981655287769625,,,
WORKER_RELOC,,1,6,5,,7.665212993027706,,,
WORKER_RELOC,,1,6,6,,0.0,,,
WORKER_RELOC,,1,6,7,,12.198954585471888,,,
WORKER_RELOC,,1,7,0,,7.443130784615487,,,
WORKER_RELOC,,1,7,1,,13.722152621658962,,,
WORKER_RELOC,,1,7,2,,15.503658594625461,,,
WORKER_RELOC,,1,7,3,,12.215883276359442,,,
WORKER_RELOC,,1,7,4,,11.175823497823348,,,
WORKER_RELOC,,1,7,5,,6.86051704910024,,,
WORKER_RELOC,,1,7,6,,11.89363996204328,,,
WORKER_RELOC,,1,7,7,,0.0,,,
WORKER_RELOC,,2,0,0,,0.0,,,
WORKER_RELOC,,2,0,1,,4.8963639702741055,,,
WORKER_RELOC,,2,0,2,,10.345665064085175,,,
WORKER_RELOC,,2,0,3,,7.186737906197762,,,
WORKER_RELOC,,2,0,4,,13.19500362663539,,,
WORKER_RELOC,,2,0,5,,10.889196460861479,,,
WORKER_RELOC,,2,0,6,,7.100685307488652,,,
WORKER_RELOC,,2,0,7,,15.571581193569314,,,
WORKER_RELOC,,2,1,0,,4.913926912528284,,,
WORKER_RELOC,,2,1,1,,0.0,,,
WORKER_RELOC,,2,1,2,,6.695758396382404,,,
WORKER_RELOC,,2,1,3,,11.95821771591659,,,
WORKER_RELOC,,2,1,4,,9.266595206221261,,,
WORKER_RELOC,,2,1,5,,13.641942874140936,,,
WORKER_RELOC,,2,1,6,,10.456995800484062,,,
WORKER_RELOC,,2,1,7,,12.705974789407222,,,
WORKER_RELOC,,2,2,0,,6.679965339224972,,,
WORKER_RELOC,,2,2,1,,14.367197928938555,,,
WORKER_RELOC,,2,2,2,,0.0,,,
WORKER_RELOC,,2,2,3,,8.805997884473907,,,
WORKER_RELOC,,2,2,4,,14.20287785374979,,,
WORKER_RELOC,,2,2,5,,11.72022888877676,,,
WORKER_RELOC,,2,2,6,,15.04854740137505,,,
WORKER_RELOC,,2,2,7,,8.362087514478558,,,
WORKER_RELOC,,2,3,0,,13.378042289023732,,,
WORKER_RELOC,,2,3,1,,10.919967984612967,,,
WORKER_RELOC,,2,3,2,,9.949220548733624,,,
WORKER_RELOC,,2,3,3,,0.0,,,
WORKER_RELOC,,2,3,4,,2.5179502825893763,,,
WORKER_RELOC,,2,3,5,,11.718676774392907,,,
WORKER_RELOC,,2,3,6,,11.372276818467958,,,
WORKER_RELOC,,2,3,7,,9.229166079731494,,,
WORKER_RELOC,,2,4,0,,10.112950865113323,,,
WORKER_RELOC,,2,4,1,,11.678747557890837,,,
WORKER_RELOC,,2,4,2,,8.886300335882623,,,
WORKER_RELOC,,2,4,3,,2.09829599378977,,,
WORKER_RELOC,,2,4,4,,0.0,,,
WORKER_RELOC,,2,4,5,,13.28662010085711,,,
WORKER_RELOC,,2,4,6,,15.064343662313066,,,
WORKER_RELOC,,2,4,7,,7.443304951122169,,,
WORKER_RELOC,,2,5,0,,14.924672896670545,,,
WORKER_RELOC,,2,5,1,,7.432640245635305,,,
WORKER_RELOC,,2,5,2,,15.448175278502193,,,
WORKER_RELOC,,2,5,3,,8.856415209022494,,,
WORKER_RELOC,,2,5,4,,13.593925283895,,,
WORKER_RELOC,,2,5,5,,0.0,,,
WORKER_RELOC,,2,5,6,,12.612685182024215,,,
WORKER_RELOC,,2,5,7,,6.450772346844022,,,
WORKER_RELOC,,2,6,0,,11.881718159295387,,,
WORKER_RELOC,,2,6,1,,13.30918922251771,,,
WORKER_RELOC,,2,6,2,,12.171341697065312,,,
WORKER_RELOC,,2,6,3,,15.040630824424232,,,
WORKER_RELOC,,2,6,4,,7.652133269818611,,,
WORKER_RELOC,,2,6,5,,7.181879273216131,,,
WORKER_RELOC,,2,6,6,,0.0,,,
WORKER_RELOC,,2,6,7,,15.619154754618188,,,
WORKER_RELOC,,2,7,0,,6.25628545866981,,,
WORKER_RELOC,,2,7,1,,6.228288411005126,,,
WORKER_RELOC,,2,7,2,,6.117665796942667,,,
WORKER_RELOC,,2,7,3,,11.513076284002599,,,
WORKER_RELOC,,2,7,4,,10.418623127477844,,,
WORKER_RELOC,,2,7,5,,8.525493998454527,,,
WORKER_RELOC,,2,7,6,,6.6118588397273115,,,
WORKER_RELOC,,2,7,7,,0.0,,,
WORKER_RELOC,,3,0,0,,0.0,,,
WORKER_RELOC,,3,0,1,,3.3236675438396053,,,
WORKER_RELOC,,3,0,2,,10.633695776011699,,,
WORKER_RELOC,,3,0,3,,12.586920326282325,,,
WORKER_RELOC,,3,0,4,,6.242948992739738,,,
WORKER_RELOC,,3,0,5,,13.354718918269441,,,
WORKER_RELOC,,3,0,6,,13.471210166727218,,,
WORKER_RELOC,,3,0,7,,9.409945697196125,,,
WORKER_RELOC,,3,1,0,,4.775505920113872,,,
WORKER_RELOC,,3,1,1,,0.0,,,
WORKER_RELOC,,3,1,2,,14.657690193407614,,,
WORKER_RELOC,,3,1,3,,14.65380717683102,,,
WORKER_RELOC,,3,1,4,,11.899539086027998,,,
WORKER_RELOC,,3,1,5,,15.17837106754917,,,
WORKER_RELOC,,3,1,6,,8.560755363350566,,,
WORKER_RELOC,,3,1,7,,8.807858574564145,,,
WORKER_RELOC,,3,2,0,,14.167901434639036,,,
WORKER_RELOC,,3,2,1,,12.623811886255965,,,
WORKER_RELOC,,3,2,2,,0.0,,,
WORKER_RELOC,,3,2,3,,13.911893140473744,,,
WORKER_RELOC,,3,2,4,,9.803808721191576,,,
WORKER_RELOC,,3,2,5,,7.887036781092868,,,
WORKER_RELOC,,3,2,6,,6.368345660534143,,,
WORKER_RELOC,,3,2,7,,11.328021463967726,,,
WORKER_RELOC,,3,3,0,,13.609527023210488,,,
WORKER_RELOC,,3,3,1,,13.456057471654976,,,
WORKER_RELOC,,3,3,2,,6.555535943618722,,,
WORKER_RELOC,,3,3,3,,0.0,,,
WORKER_RELOC,,3,3,4,,3.2497902631365028,,,
WORKER_RELOC,,3,3,5,,12.954746153649271,,,
WORKER_RELOC,,3,3,6,,14.400598688477725,,,
WORKER_RELOC,,3,3,7,,13.534471257814674,,,
WORKER_RELOC,,3,4,0,,10.918490573826627,,,
WORKER_RELOC,,3,4,1,,12.769248241314187,,,
WORKER_RELOC,,3,4,2,,9.287260558317826,,,
WORKER_RELOC,,3,4,3,,5.616612655834586,,,
WORKER_RELOC,,3,4,4,,0.0,,,
WORKER_RELOC,,3,4,5,,8.0416749522396,,,
WORKER_RELOC,,3,4,6,,10.100231085067811,,,
WORKER_RELOC,,3,4,7,,9.323099949195232,,,
WORKER_RELOC,,3,5,0,,15.585639373047695,,,
WORKER_RELOC,,3,5,1,,15.309572152677818,,,
WORKER_RELOC,,3,5,2,,12.132716530844176,,,
WORKER_RELOC,,3,5,3,,8.56442938959343,,,
WORKER_RELOC,,3,5,4,,11.31982419004658,,,
WORKER_RELOC,,3,5,5,,0.0,,,
WORKER_RELOC,,3,5,6,,11.282646724423241,,,
WORKER_RELOC,,3,5,7,,12.776791562226203,,,
WORKER_RELOC,,3,6,0,,13.033193955723895,,,
WORKER_RELOC,,3,6,1,,12.287657569803091,,,
WORKER_RELOC,,3,6,2,,10.518412077151776,,,
WORKER_RELOC,,3,6,3,,9.868220152750723,,,
WORKER_RELOC,,3,6,4,,9.44950338497916,,,
WORKER_RELOC,,3,6,5,,7.404092361877444,,,
WORKER_RELOC,,3,6,6,,0.0,,,
WORKER_RELOC,,3,6,7,,11.27499931403046,,,
WORKER_RELOC,,3,7,0,,10.48606269414098,,,
WORKER_RELOC,,3,7,1,,14.229880509900672,,,
WORKER_RELOC,,3,7,2,,7.057687739202425,,,
WORKER_RELOC,,3,7,3,,15.021058975912275,,,
WORKER_RELOC,,3,7,4,,9.681960755535165,,,
WORKER_RELOC,,3,7,5,,10.29776902825476,,,
WORKER_RELOC,,3,7,6,,9.11909189345485,,,
WORKER_RELOC,,3,7,7,,0.0,,,
WORKER_RELOC,,4,0,0,,0.0,,,
WORKER_RELOC,,4,0,1,,2.8335946768510873,,,
WORKER_RELOC,,4,0,2,,8.165661762337852,,,
WORKER_RELOC,,4,0,3,,10.643716535263945,,,
WORKER_RELOC,,4,0,4,,15.932557961844232,,,
WORKER_RELOC,,4,0,5,,10.86430691490753,,,
WORKER_RELOC,,4,0,6,,13.247917636241121,,,
WORKER_RELOC,,4,0,7,,10.427031833299157,,,
WORKER_RELOC,,4,1,0,,5.46078343140743,,,
WORKER_RELOC,,4,1,1,,0.0,,,
WORKER_RELOC,,4,1,2,,6.370885056442055,,,
WORKER_RELOC,,4,1,3,,14.844855370397216,,,
WORKER_RELOC,,4,1,4,,15.891433932656849,,,
WORKER_RELOC,,4,1,5,,9.011700374764388,,,
WORKER_RELOC,,4,1,6,,9.52891687294625,,,
WORKER_RELOC,,4,1,7,,9.25039894844014,,,
WORKER_RELOC,,4,2,0,,6.1847203805445705,,,
WORKER_RELOC,,4,2,1,,8.573195792022162,,,
WORKER_RELOC,,4,2,2,,0.0,,,
WORKER_RELOC,,4,2,3,,15.207541625309803,,,
WORKER_RELOC,,4,2,4,,10.489702788749685,,,
WORKER_RELOC,,4,2,5,,8.202541142543339,,,
WORKER_RELOC,,4,2,6,,9.674204585989461,,,
WORKER_RELOC,,4,2,7,,10.909156507372723,,,
WORKER_RELOC,,4,3,0,,9.869157649308551,,,
WORKER_RELOC,,4,3,1,,8.610926895865653,,,
WORKER_RELOC,,4,3,2,,14.4814896954198,,,
WORKER_RELOC,,4,3,3,,0.0,,,
WORKER_RELOC,,4,3,4,,5.361160462779768,,,
WORKER_RELOC,,4,3,5,,6.005096979187044,,,
WORKER_RELOC,,4,3,6,,9.47060986162947,,,
WORKER_RELOC,,4,3,7,,11.137277839284128,,,
WORKER_RELOC,,4,4,0,,10.118540842565434,,,
WORKER_RELOC,,4,4,1,,6.167821392933315,,,
WORKER_RELOC,,4,4,2,,11.662288134848819,,,
WORKER_RELOC,,4,4,3,,5.251747695985576,,,
WORKER_RELOC,,4,4,4,,0.0,,,
WORKER_RELOC,,4,4,5,,15.518921607576342,,,
WORKER_RELOC,,4,4,6,,13.22454402559449,,,
WORKER_RELOC,,4,4,7,,10.056409795425395,,,
WORKER_RELOC,,4,5,0,,6.075910342898204,,,
WORKER_RELOC,,4,5,1,,6.318908223960314,,,
WORKER_RELOC,,4,5,2,,9.470206119189513,,,
WORKER_RELOC,,4,5,3,,14.5648886297938,,,
WORKER_RELOC,,4,5,4,,7.2372117944873215,,,
WORKER_RELOC,,4,5,5,,0.0,,,
WORKER_RELOC,,4,5,6,,7.9414331951075265,,,
WORKER_RELOC,,4,5,7,,14.183879808034654,,,
WORKER_RELOC,,4,6,0,,8.498184520903031,,,
WORKER_RELOC,,4,6,1,,14.67746775672557,,,
WORKER_RELOC,,4,6,2,,14.72928244733493,,,
WORKER_RELOC,,4,6,3,,13.274277492413058,,,
WORKER_RELOC,,4,6,4,,11.393386218111566,,,
WORKER_RELOC,,4,6,5,,15.84486004375339,,,
WORKER_RELOC,,4,6,6,,0.0,,,
WORKER_RELOC,,4,6,7,,12.84833525942166,,,
WORKER_RELOC,,4,7,0,,6.06752170861507,,,
WORKER_RELOC,,4,7,1,,15.48925588010127,,,
WORKER_RELOC,,4,7,2,,13.77594466025209,,,
WORKER_RELOC,,4,7,3,,9.342123027863144,,,
WORKER_RELOC,,4,7,4,,9.938845419211562,,,
WORKER_RELOC,,4,7,5,,15.335891032366192,,,
WORKER_RELOC,,4,7,6,,7.545592878565113,,,
WORKER_RELOC,,4,7,7,,0.0,,,
ROBOT_RELOC,,0,0,0,,0.0,,,
ROBOT_RELOC,,0,0,1,,3.8315270838078996,,,
ROBOT_RELOC,,0,0,2,,9.214780603451484,,,
ROBOT_RELOC,,0,0,3,,14.556467227222122,,,
ROBOT_RELOC,,0,0,4,,13.815529944477532,,,
ROBOT_RELOC,,0,0,5,,10.84034194221693,,,
ROBOT_RELOC,,0,0,6,,14.275823624904415,,,
ROBOT_RELOC,,0,0,7,,9.696065986956299,,,
ROBOT_RELOC,,0,1,0,,4.405002463726197,,,
ROBOT_RELOC,,0,1,1,,0.0,,,
ROBOT_RELOC,,0,1,2,,7.99391222027163,,,
ROBOT_RELOC,,0,1,3,,10.532061587417545,,,
ROBOT_RELOC,,0,1,4,,9.865298979489863,,,
ROBOT_RELOC,,0,1,5,,6.091107177253756,,,
ROBOT_RELOC,,0,1,6,,6.333213197959795,,,
ROBOT_RELOC,,0,1,7,,6.223478126451281,,,
ROBOT_RELOC,,0,2,0,,11.909367032722887,,,
ROBOT_RELOC,,0,2,1,,8.947762899889948,,,
ROBOT_RELOC,,0,2,2,,0.0,,,
ROBOT_RELOC,,0,2,3,,9.97742169306931,,,
ROBOT_RELOC,,0,2,4,,9.773899003503063,,,
ROBOT_RELOC,,0,2,5,,13.599577015599028,,,
ROBOT_RELOC,,0,2,6,,8.534243191201398,,,
ROBOT_RELOC,,0,2,7,,7.677447425511508,,,
ROBOT_RELOC,,0,3,0,,7.687025239184465,,,
ROBOT_RELOC,,0,3,1,,10.411338377178271,,,
ROBOT_RELOC,,0,3,2,,14.824617383705288,,,
ROBOT_RELOC,,0,3,3,,0.0,,,
ROBOT_RELOC,,0,3,4,,3.7953404913320963,,,
ROBOT_RELOC,,0,3,5,,8.20891407611366,,,
ROBOT_RELOC,,0,3,6,,6.60942258468332,,,
ROBOT_RELOC,,0,3,7,,7.386963731625414,,,
ROBOT_RELOC,,0,4,0,,7.651815321968751,,,
ROBOT_RELOC,,0,4,1,,7.152390121685974,,,
ROBOT_RELOC,,0,4,2,,10.455954673223191,,,
ROBOT_RELOC,,0,4,3,,3.6272271643386187,,,
ROBOT_RELOC,,0,4,4,,0.0,,,
ROBOT_RELOC,,0,4,5,,10.406435954554903,,,
ROBOT_RELOC,,0,4,6,,12.879326934295282,,,
ROBOT_RELOC,,0,4,7,,12.061009125185997,,,
ROBOT_RELOC,,0,5,0,,13.544398229460043,,,
ROBOT_RELOC,,0,5,1,,15.896603958244054,,,
ROBOT_RELOC,,0,5,2,,6.025567189383815,,,
ROBOT_RELOC,,0,5,3,,7.153744228011534,,,
ROBOT_RELOC,,0,5,4,,9.72722574468834,,,
ROBOT_RELOC,,0,5,5,,0.0,,,
ROBOT_RELOC,,0,5,6,,14.359024290501372,,,
ROBOT_RELOC,,0,5,7,,8.177321792376329,,,
ROBOT_RELOC,,0,6,0,,15.922543753989443,,,
ROBOT_RELOC,,0,6,1,,14.467320420695787,,,
ROBOT_RELOC,,0,6,2,,9.668173689543107,,,
ROBOT_RELOC,,0,6,3,,6.040727116743535,,,
ROBOT_RELOC,,0,6,4,,15.69289914479744,,,
ROBOT_RELOC,,0,6,5,,8.89972698693548,,,
ROBOT_RELOC,,0,6,6,,0.0,,,
ROBOT_RELOC,,0,6,7,,9.517564807642982,,,
ROBOT_RELOC,,0,7,0,,9.693667214295292,,,
ROBOT_RELOC,,0,7,1,,13.72550781095439,,,
ROBOT_RELOC,,0,7,2,,9.642789384790607,,,
ROBOT_RELOC,,0,7,3,,12.75267253218896,,,
ROBOT_RELOC,,0,7,4,,6.786614475824992,,,
ROBOT_RELOC,,0,7,5,,8.111532349141264,,,
ROBOT_RELOC,,0,7,6,,12.123174206140558,,,
ROBOT_RELOC,,0,7,7,,0.0,,,
ROBOT_RELOC,,1,0,0,,0.0,,,
ROBOT_RELOC,,1,0,1,,4.692952414676741,,,
ROBOT_RELOC,,1,0,2,,8.248452804038171,,,
ROBOT_RELOC,,1,0,3,,13.284047848706994,,,
ROBOT_RELOC,,1,0,4,,8.652317681193027,,,
ROBOT_RELOC,,1,0,5,,6.586350900507348,,,
ROBOT_RELOC,,1,0,6,,6.502439950955389,,,
ROBOT_RELOC,,1,0,7,,10.340570485151492,,,
ROBOT_RELOC,,1,1,0,,5.868745953235102,,,
ROBOT_RELOC,,1,1,1,,0.0,,,
ROBOT_RELOC,,1,1,2,,11.302279318673097,,,
ROBOT_RELOC,,1,1,3,,13.485926388742659,,,
ROBOT_RELOC,,1,1,4,,8.9898463188363,,,
ROBOT_RELOC,,1,1,5,,6.115726369343825,,,
ROBOT_RELOC,,1,1,6,,7.41663760437414,,,
ROBOT_RELOC,,1,1,7,,7.398134156471608,,,
ROBOT_RELOC,,1,2,0,,13.60761002927848,,,
ROBOT_RELOC,,1,2,1,,14.590938205626067,,,
ROBOT_RELOC,,1,2,2,,0.0,,,
ROBOT_RELOC,,1,2,3,,14.623192639743829,,,
ROBOT_RELOC,,1,2,4,,9.586061009663918,,,
ROBOT_RELOC,,1,2,5,,12.983349712824527,,,
ROBOT_RELOC,,1,2,6,,14.856622025958476,,,
ROBOT_RELOC,,1,2,7,,10.707327978762295,,,
ROBOT_RELOC,,1,3,0,,13.044467185995973,,,
ROBOT_RELOC,,1,3,1,,15.436690839726335,,,
ROBOT_RELOC,,1,3,2,,8.33799715087775,,,
ROBOT_RELOC,,1,3,3,,0.0,,,
ROBOT_RELOC,,1,3,4,,2.9079228036899902,,,
ROBOT_RELOC,,1,3,5,,14.666787005840066,,,
ROBOT_RELOC,,1,3,6,,13.613328705388573,,,
ROBOT_RELOC,,1,3,7,,12.127675863479942,,,
ROBOT_RELOC,,1,4,0,,12.509197258731227,,,
ROBOT_RELOC,,1,4,1,,14.597752242928541,,,
ROBOT_RELOC,,1,4,2,,11.368115724874706,,,
ROBOT_RELOC,,1,4,3,,5.692098981120052,,,
ROBOT_RELOC,,1,4,4,,0.0,,,
ROBOT_RELOC,,1,4,5,,6.513035132043137,,,
ROBOT_RELOC,,1,4,6,,7.354676814481801,,,
ROBOT_RELOC,,1,4,7,,8.750941575517352,,,
ROBOT_RELOC,,1,5,0,,8.076819529642734,,,
ROBOT_RELOC,,1,5,1,,14.902778064140085,,,
ROBOT_RELOC,,1,5,2,,14.47983456195946,,,
ROBOT_RELOC,,1,5,3,,7.0424356635968,,,
ROBOT_RELOC,,1,5,4,,11.644575846068738,,,
ROBOT_RELOC,,1,5,5,,0.0,,,
ROBOT_RELOC,,1,5,6,,7.213205650558439,,,
ROBOT_RELOC,,1,5,7,,6.854031806440343,,,
ROBOT_RELOC,,1,6,0,,13.667650346990985,,,
ROBOT_RELOC,,1,6,1,,9.033415275230842,,,
ROBOT_RELOC,,1,6,2,,13.058817898318171,,,
ROBOT_RELOC,,1,6,3,,7.65713409911781,,,
ROBOT_RELOC,,1,6,4,,12.698824688734447,,,
ROBOT_RELOC,,1,6,5,,8.244500167613197,,,
ROBOT_RELOC,,1,6,6,,0.0,,,
ROBOT_RELOC,,1,6,7,,7.193280126836899,,,
ROBOT_RELOC,,1,7,0,,15.587418369107418,,,
ROBOT_RELOC,,1,7,1,,14.937381413240484,,,
ROBOT_RELOC,,1,7,2,,6.445638139753476,,,
ROBOT_RELOC,,1,7,3,,11.252363290512426,,,
ROBOT_RELOC,,1,7,4,,11.970799672373907,,,
ROBOT_RELOC,,1,7,5,,12.978585129206046,,,
ROBOT_RELOC,,1,7,6,,11.084285965185337,,,
ROBOT_RELOC,,1,7,7,,0.0,,,
ROBOT_RELOC,,2,0,0,,0.0,,,
ROBOT_RELOC,,2,0,1,,3.0695284152221243,,,
ROBOT_RELOC,,2,0,2,,6.858694467233823,,,
ROBOT_RELOC,,2,0,3,,8.653578320062119,,,
ROBOT_RELOC,,2,0,4,,8.369671890046067,,,
ROBOT_RELOC,,2,0,5,,7.384736210045072,,,
ROBOT_RELOC,,2,0,6,,7.3205594525095465,,,
ROBOT_RELOC,,2,0,7,,14.207679201842861,,,
ROBOT_RELOC,,2,1,0,,2.6641040322972174,,,
ROBOT_RELOC,,2,1,1,,0.0,,,
ROBOT_RELOC,,2,1,2,,6.0173545292858535,,,
ROBOT_RELOC,,2,1,3,,8.994207680918672,,,
ROBOT_RELOC,,2,1,4,,6.515438017324551,,,
ROBOT_RELOC,,2,1,5,,13.678570856421757,,,
ROBOT_RELOC,,2,1,6,,13.380263694227608,,,
ROBOT_RELOC,,2,1,7,,8.979677864963985,,,
ROBOT_RELOC,,2,2,0,,6.924440882908416,,,
ROBOT_RELOC,,2,2,1,,10.041423464755349,,,
ROBOT_RELOC,,2,2,2,,0.0,,,
ROBOT_RELOC,,2,2,3,,6.388560178574973,,,
ROBOT_RELOC,,2,2,4,,15.084498227928613,,,
ROBOT_RELOC,,2,2,5,,8.927971611968477,,,
ROBOT_RELOC,,2,2,6,,13.529463601119765,,,
ROBOT_RELOC,,2,2,7,,13.436997400959072,,,
ROBOT_RELOC,,2,3,0,,7.682516430505884,,,
ROBOT_RELOC,,2,3,1,,13.525726743479977,,,
ROBOT_RELOC,,2,3,2,,12.617469170840817,,,
ROBOT_RELOC,,2,3,3,,0.0,,,
ROBOT_RELOC,,2,3,4,,5.071047460497734,,,
ROBOT_RELOC,,2,3,5,,9.728473262641433,,,
ROBOT_RELOC,,2,3,6,,15.260208759171984,,,
ROBOT_RELOC,,2,3,7,,10.153103281817192,,,
ROBOT_RELOC,,2,4,0,,7.471385498126193,,,
ROBOT_RELOC,,2,4,1,,10.214446773019594,,,
ROBOT_RELOC,,2,4,2,,12.414794049538393,,,
ROBOT_RELOC,,2,4,3,,4.748596432982467,,,
ROBOT_RELOC,,2,4,4,,0.0,,,
ROBOT_RELOC,,2,4,5,,15.69906701769638,,,
ROBOT_RELOC,,2,4,6,,9.671004827050162,,,
ROBOT_RELOC,,2,4,7,,8.64433587828007,,,
ROBOT_RELOC,,2,5,0,,12.244201905345445,,,
ROBOT_RELOC,,2,5,1,,8.479311895503795,,,
ROBOT_RELOC,,2,5,2,,11.418976611908679,,,
ROBOT_RELOC,,2,5,3,,12.032711541944646,,,
ROBOT_RELOC,,2,5,4,,11.829632266795484,,,
ROBOT_RELOC,,2,5,5,,0.0,,,
ROBOT_RELOC,,2,5,6,,11.093601654115758,,,
ROBOT_RELOC,,2,5,7,,8.196754107866273,,,
ROBOT_RELOC,,2,6,0,,14.472504373291335,,,
ROBOT_RELOC,,2,6,1,,15.283038127058289,,,
ROBOT_RELOC,,2,6,2,,8.085110299396007,,,
ROBOT_RELOC,,2,6,3,,7.396932074564793,,,
ROBOT_RELOC,,2,6,4,,7.688837834803982,,,
ROBOT_RELOC,,2,6,5,,8.45368861714099,,,
ROBOT_RELOC,,2,6,6,,0.0,,,
ROBOT_RELOC,,2,6,7,,7.70185646533424,,,
ROBOT_RELOC,,2,7,0,,15.004053673534507,,,
ROBOT_RELOC,,2,7,1,,6.573008945071333,,,
ROBOT_RELOC,,2,7,2,,11.704408035695502,,,
ROBOT_RELOC,,2,7,3,,7.811557150622315,,,
ROBOT_RELOC,,2,7,4,,10.650520067808756,,,
ROBOT_RELOC,,2,7,5,,10.483802422168552,,,
ROBOT_RELOC,,2,7,6,,12.684842197812817,,,
ROBOT_RELOC,,2,7,7,,0.0,,,
ROBOT_RELOC,,3,0,0,,0.0,,,
ROBOT_RELOC,,3,0,1,,5.209564490166992,,,
ROBOT_RELOC,,3,0,2,,9.830242074887218,,,
ROBOT_RELOC,,3,0,3,,15.03192262134587,,,
ROBOT_RELOC,,3,0,4,,7.585898731469597,,,
ROBOT_RELOC,,3,0,5,,12.853018567067144,,,
ROBOT_RELOC,,3,0,6,,12.680437295053514,,,
ROBOT_RELOC,,3,0,7,,10.938243556554596,,,
ROBOT_RELOC,,3,1,0,,2.618681121053003,,,
ROBOT_RELOC,,3,1,1,,0.0,,,
ROBOT_RELOC,,3,1,2,,10.484874963923495,,,
ROBOT_RELOC,,3,1,3,,7.4373871972236065,,,
ROBOT_RELOC,,3,1,4,,10.65318582361451,,,
ROBOT_RELOC,,3,1,5,,14.725695461462733,,,
ROBOT_RELOC,,3,1,6,,13.661238335411632,,,
ROBOT_RELOC,,3,1,7,,12.93949200608505,,,
ROBOT_RELOC,,3,2,0,,9.783789223836767,,,
ROBOT_RELOC,,3,2,1,,9.188740698822194,,,
ROBOT_RELOC,,3,2,2,,0.0,,,
ROBOT_RELOC,,3,2,3,,11.426388469516208,,,
ROBOT_RELOC,,3,2,4,,6.35281101701678,,,
ROBOT_RELOC,,3,2,5,,6.388493423578255,,,
ROBOT_RELOC,,3,2,6,,8.404278827066946,,,
ROBOT_RELOC,,3,2,7,,11.272038232821666,,,
ROBOT_RELOC,,3,3,0,,11.251309681545646,,,
ROBOT_RELOC,,3,3,1,,15.157889550844638,,,
ROBOT_RELOC,,3,3,2,,15.514887350392572,,,
ROBOT_RELOC,,3,3,3,,0.0,,,
ROBOT_RELOC,,3,3,4,,3.508928844395192,,,
ROBOT_RELOC,,3,3,5,,11.518569602738948,,,
ROBOT_RELOC,,3,3,6,,13.845843135492574,,,
ROBOT_RELOC,,3,3,7,,9.930542969715141,,,
ROBOT_RELOC,,3,4,0,,11.357714738799826,,,
ROBOT_RELOC,,3,4,1,,11.644683051584943,,,
ROBOT_RELOC,,3,4,2,,13.460703929003284,,,
ROBOT_RELOC,,3,4,3,,2.27188196458403,,,
ROBOT_RELOC,,3,4,4,,0.0,,,
ROBOT_RELOC,,3,4,5,,15.921302114501936,,,
ROBOT_RELOC,,3,4,6,,6.459556302142326,,,
ROBOT_RELOC,,3,4,7,,14.898000798001199,,,
ROBOT_RELOC,,3,5,0,,13.132381490460851,,,
ROBOT_RELOC,,3,5,1,,12.850488296480464,,,
ROBOT_RELOC,,3,5,2,,12.863832489597995,,,
ROBOT_RELOC,,3,5,3,,6.032817095093737,,,
ROBOT_RELOC,,3,5,4,,12.86335977396849,,,
ROBOT_RELOC,,3,5,5,,0.0,,,
ROBOT_RELOC,,3,5,6,,7.451109482455437,,,
ROBOT_RELOC,,3,5,7,,12.79197569068737,,,
ROBOT_RELOC,,3,6,0,,13.52138478243366,,,
ROBOT_RELOC,,3,6,1,,6.677990854369542,,,
ROBOT_RELOC,,3,6,2,,6.853769059041957,,,
ROBOT_RELOC,,3,6,3,,11.106494368203597,,,
ROBOT_RELOC,,3,6,4,,10.894787201758705,,,
ROBOT_RELOC,,3,6,5,,12.256957186055025,,,
ROBOT_RELOC,,3,6,6,,0.0,,,
ROBOT_RELOC,,3,6,7,,9.920723144523425,,,
ROBOT_RELOC,,3,7,0,,13.484419171773341,,,
ROBOT_RELOC,,3,7,1,,6.6878203580573246,,,
ROBOT_RELOC,,3,7,2,,9.053227823446395,,,
ROBOT_RELOC,,3,7,3,,10.919715657226778,,,
ROBOT_RELOC,,3,7,4,,13.765857899849074,,,
ROBOT_RELOC,,3,7,5,,6.7819939915529694,,,
ROBOT_RELOC,,3,7,6,,10.096467242713295,,,
ROBOT_RELOC,,3,7,7,,0.0,,,
INITIAL_WORKER,,0,1,,,,,,
INITIAL_WORKER,,1,6,,,,,,
INITIAL_WORKER,,2,2,,,,,,
INITIAL_WORKER,,3,3,,,,,,
INITIAL_WORKER,,4,5,,,,,,
INITIAL_ROBOT,,0,1,,,,,,
INITIAL_ROBOT,,1,7,,,,,,
INITIAL_ROBOT,,2,5,,,,,,
INITIAL_ROBOT,,3,0,,,,,,
ORDER,,0,0,2,,0.0,128.22723647763559,,
ORDER,,1,0,1,,2.9370618590641304,127.06651402999059,,
ORDER,,2,0,1,,27.136474805356762,153.70579048249513,,
ORDER,,3,3,1,,36.896682748655486,182.81157355620678,,
ORDER,,4,0,2,,39.29159794437395,159.1879889446167,,
ORDER,,5,0,1,,42.134508414298615,155.36987822799733,,
ORDER,,6,0,1,,49.290056914134446,163.34445290284378,,
ORDER,,7,2,2,,49.913175113115585,156.99792856647537,,
ORDER,,8,0,4,,51.70566584013722,173.56748691861665,,
ORDER,,9,1,4,,57.06299416389458,206.53784085145574,,
ORDER,,10,0,2,,64.61160619334768,190.11156012246227,,
ORDER,,11,0,1,,72.70436430527344,191.5029141075201,,
ORDER,,12,0,1,,76.48948251890491,192.28833416713377,,
ORDER,,13,0,2,,80.84998611229938,195.96420833659164,,
ORDER,,14,0,1,,107.89426847079585,215.8675211061023,,
ORDER,,15,3,1,,116.08437985621292,272.78621087081183,,
ORDER,,16,0,1,,130.19422335685374,239.10840772752277,,
ORDER,,17,2,1,,140.91805785765754,234.97370532488424,,
ORDER,,18,0,1,,145.24924035247767,260.417374483213,,
ORDER,,19,0,1,,145.36708990362467,272.3460591752397,,
ORDER,,20,1,2,,151.00400053717144,293.161760786816,,
ORDER,,21,1,1,,164.0752515381621,294.5666979994701,,
ORDER,,22,1,1,,165.4391017642107,305.48100074341073,,
ORDER,,23,1,2,,179.79796392672282,305.4057490141685,,
ORDER,,24,1,1,,181.249577365727,319.90182644571996,,
ORDER,,25,1,4,,190.72748339898124,339.1838297854069,,
ORDER,,26,3,1,,191.39115628508904,351.4846139331212,,
ORDER,,27,1,2,,195.32197951180882,337.1792184067998,,
ORDER,,28,2,2,,211.05818285483463,314.96316977374465,,
ORDER,,29,1,1,,212.20144114340482,344.4034649736617,,
ORDER,,30,3,2,,216.944688023025,373.18636981747403,,
ORDER,,31,0,4,,218.71176143211238,329.5165505292505,,
ORDER,,32,1,1,,245.12342642744431,373.4410046159063,,
ORDER,,33,1,1,,265.2519287581861,392.58521707715204,,
ORDER,,34,0,2,,267.8641614391537,383.8270063332718,,
ORDER,,35,1,4,,277.5095547873938,407.986145819519,,
ORDER,,36,3,2,,292.92853060390837,463.3987053081667,,
ORDER,,37,2,2,,303.1877738692646,410.20304823350534,,
ORDER,,38,1,1,,310.92542788908776,441.57291210534436,,
ORDER,,39,1,2,,331.34006030624045,459.0206474282769,,
